date,price_trend_logistic,residual_smoothed,price_final,is_observed
1900-01-01,-134.24061719331036,0.0,-134.24061719331036,False
1900-02-01,-137.74144840839855,0.0,-137.74144840839855,False
1900-03-01,-141.31363146292617,0.0,-141.31363146292617,False
1900-04-01,-144.9588065816864,0.0,-144.9588065816864,False
1900-05-01,-148.6786589075837,0.0,-148.6786589075837,False
1900-06-01,-152.47492001126594,0.0,-152.47492001126594,False
1900-07-01,-156.34936946243582,0.0,-156.34936946243582,False
1900-08-01,-160.3038364658105,0.0,-160.3038364658105,False
1900-09-01,-164.34020156488694,0.0,-164.34020156488694,False
1900-10-01,-168.4603984168228,0.0,-168.4603984168228,False
1900-11-01,-172.66641564193085,0.0,-172.66641564193085,False
1900-12-01,-176.96029875150646,0.0,-176.96029875150646,False
1901-01-01,-181.34415215789113,0.0,-181.34415215789113,False
1901-02-01,-185.82014127092262,0.0,-185.82014127092262,False
1901-03-01,-190.39049468513895,0.0,-190.39049468513895,False
1901-04-01,-195.05750646239096,0.0,-195.05750646239096,False
1901-05-01,-199.8235385147646,0.0,-199.8235385147646,False
1901-06-01,-204.6910230930061,0.0,-204.6910230930061,False
1901-07-01,-209.66246538597778,0.0,-209.66246538597778,False
1901-08-01,-214.74044623698063,0.0,-214.74044623698063,False
1901-09-01,-219.9276249831292,0.0,-219.9276249831292,False
1901-10-01,-225.22674242437597,0.0,-225.22674242437597,False
1901-11-01,-230.64062392915332,0.0,-230.64062392915332,False
1901-12-01,-236.1721826840402,0.0,-236.1721826840402,False
1902-01-01,-241.82442309534537,0.0,-241.82442309534537,False
1902-02-01,-247.60044435097478,0.0,-247.60044435097478,False
1902-03-01,-253.50344415147384,0.0,-253.50344415147384,False
1902-04-01,-259.53672261974214,0.0,-259.53672261974214,False
1902-05-01,-265.70368639948737,0.0,-265.70368639948737,False
1902-06-01,-272.0078529531743,0.0,-272.0078529531743,False
1902-07-01,-278.45285507089346,0.0,-278.45285507089346,False
1902-08-01,-285.04244560237754,0.0,-285.04244560237754,False
1902-09-01,-291.78050242516804,0.0,-291.78050242516804,False
1902-10-01,-298.6710336628125,0.0,-298.6710336628125,False
1902-11-01,-305.7181831679452,0.0,-305.7181831679452,False
1902-12-01,-312.9262362860899,0.0,-312.9262362860899,False
1903-01-01,-320.2996259171052,0.0,-320.2996259171052,False
1903-02-01,-327.8429388924184,0.0,-327.8429388924184,False
1903-03-01,-335.56092268742196,0.0,-335.56092268742196,False
1903-04-01,-343.45849248977584,0.0,-343.45849248977584,False
1903-05-01,-351.5407386458911,0.0,-351.5407386458911,False
1903-06-01,-359.81293450941115,0.0,-359.81293450941115,False
1903-07-01,-368.28054471729024,0.0,-368.28054471729024,False
1903-08-01,-376.9492339208966,0.0,-376.9492339208966,False
1903-09-01,-385.82487600166024,0.0,-385.82487600166024,False
1903-10-01,-394.91356380294314,0.0,-394.91356380294314,False
1903-11-01,-404.22161941219713,0.0,-404.22161941219713,False
1903-12-01,-413.75560503012167,0.0,-413.75560503012167,False
1904-01-01,-423.5223344663032,0.0,-423.5223344663032,False
1904-02-01,-433.5288853038863,0.0,-433.5288853038863,False
1904-03-01,-443.78261177921064,0.0,-443.78261177921064,False
1904-04-01,-454.29115842593836,0.0,-454.29115842593836,False
1904-05-01,-465.0624745371472,0.0,-465.0624745371472,False
1904-06-01,-476.10482950324945,0.0,-476.10482950324945,False
1904-07-01,-487.4268290882429,0.0,-487.4268290882429,False
1904-08-01,-499.0374327120087,0.0,-499.0374327120087,False
1904-09-01,-510.94597181195445,0.0,-510.94597181195445,False
1904-10-01,-523.1621693635462,0.0,-523.1621693635462,False
1904-11-01,-535.6961606459791,0.0,-535.6961606459791,False
1904-12-01,-548.5585153466444,0.0,-548.5585153466444,False
1905-01-01,-561.7602611062638,0.0,-561.7602611062638,False
1905-02-01,-575.3129086154422,0.0,-575.3129086154422,False
1905-03-01,-589.22847838323,0.0,-589.22847838323,False
1905-04-01,-603.5195293091888,0.0,-603.5195293091888,False
1905-05-01,-618.1991892023357,0.0,-618.1991892023357,False
1905-06-01,-633.2811874035071,0.0,-633.2811874035071,False
1905-07-01,-648.7798896823266,0.0,-648.7798896823266,False
1905-08-01,-664.7103355959717,0.0,-664.7103355959717,False
1905-09-01,-681.0882785147656,0.0,-681.0882785147656,False
1905-10-01,-697.9302285394424,0.0,-697.9302285394424,False
1905-11-01,-715.2534985567601,0.0,-715.2534985567601,False
1905-12-01,-733.0762537045667,0.0,-733.0762537045667,False
1906-01-01,-751.4175645444258,0.0,-751.4175645444258,False
1906-02-01,-770.2974642702004,0.0,-770.2974642702004,False
1906-03-01,-789.73701031456,0.0,-789.73701031456,False
1906-04-01,-809.7583507529431,0.0,-809.7583507529431,False
1906-05-01,-830.3847959466563,0.0,-830.3847959466563,False
1906-06-01,-851.6408959137593,0.0,-851.6408959137593,False
1906-07-01,-873.5525239691751,0.0,-873.5525239691751,False
1906-08-01,-896.1469672348743,0.0,-896.1469672348743,False
1906-09-01,-919.4530246875928,0.0,-919.4530246875928,False
1906-10-01,-943.5011134866745,0.0,-943.5011134866745,False
1906-11-01,-968.3233844095894,0.0,-968.3233844095894,False
1906-12-01,-993.9538473183802,0.0,-993.9538473183802,False
1907-01-01,-1020.4285076889669,0.0,-1020.4285076889669,False
1907-02-01,-1047.7855153582273,0.0,-1047.7855153582273,False
1907-03-01,-1076.0653267838338,0.0,-1076.0653267838338,False
1907-04-01,-1105.3108822709492,0.0,-1105.3108822709492,False
1907-05-01,-1135.5677998014862,0.0,-1135.5677998014862,False
1907-06-01,-1166.8845873093644,0.0,-1166.8845873093644,False
1907-07-01,-1199.3128754826905,0.0,-1199.3128754826905,False
1907-08-01,-1232.9076734464834,0.0,-1232.9076734464834,False
1907-09-01,-1267.7276499932989,0.0,-1267.7276499932989,False
1907-10-01,-1303.835443390307,0.0,-1303.835443390307,False
1907-11-01,-1341.298003208736,0.0,-1341.298003208736,False
1907-12-01,-1380.1869681050396,0.0,-1380.1869681050396,False
1908-01-01,-1420.5790840437153,0.0,-1420.5790840437153,False
1908-02-01,-1462.5566681044158,0.0,-1462.5566681044158,False
1908-03-01,-1506.2081237769478,0.0,-1506.2081237769478,False
1908-04-01,-1551.6285145383363,0.0,-1551.6285145383363,False
1908-05-01,-1598.9202035501512,0.0,-1598.9202035501512,False
1908-06-01,-1648.1935685426342,0.0,-1648.1935685426342,False
1908-07-01,-1699.567802401628,0.0,-1699.567802401628,False
1908-08-01,-1753.1718116892457,0.0,-1753.1718116892457,False
1908-09-01,-1809.1452273655862,0.0,-1809.1452273655862,False
1908-10-01,-1867.6395444050593,0.0,-1867.6395444050593,False
1908-11-01,-1928.8194099007026,0.0,-1928.8194099007026,False
1908-12-01,-1992.8640827293123,0.0,-1992.8640827293123,False
1909-01-01,-2059.969092040955,0.0,-2059.969092040955,False
1909-02-01,-2130.3481269025556,0.0,-2130.3481269025556,False
1909-03-01,-2204.2351955760755,0.0,-2204.2351955760755,False
1909-04-01,-2281.887100411617,0.0,-2281.887100411617,False
1909-05-01,-2363.5862835200237,0.0,-2363.5862835200237,False
1909-06-01,-2449.644109691567,0.0,-2449.644109691567,False
1909-07-01,-2540.404667001658,0.0,-2540.404667001658,False
1909-08-01,-2636.249182914772,0.0,-2636.249182914772,False
1909-09-01,-2737.601175403356,0.0,-2737.601175403356,False
1909-10-01,-2844.932485878282,0.0,-2844.932485878282,False
1909-11-01,-2958.770375218457,0.0,-2958.770375218457,False
1909-12-01,-3079.7059080697213,0.0,-3079.7059080697213,False
1910-01-01,-3208.4039067892672,0.0,-3208.4039067892672,False
1910-02-01,-3345.6148289107196,0.0,-3345.6148289107196,False
1910-03-01,-3492.189016216553,0.0,-3492.189016216553,False
1910-04-01,-3649.0938869052825,0.0,-3649.0938869052825,False
1910-05-01,-3817.4348053376225,0.0,-3817.4348053376225,False
1910-06-01,-3998.4805810738176,0.0,-3998.4805810738176,False
1910-07-01,-4193.694841197006,0.0,-4193.694841197006,False
1910-08-01,-4404.774917213102,0.0,-4404.774917213102,False
1910-09-01,-4633.7004337970175,0.0,-4633.7004337970175,False
1910-10-01,-4882.794545820062,0.0,-4882.794545820062,False
1910-11-01,-5154.801839133907,0.0,-5154.801839133907,False
1910-12-01,-5452.988436718728,0.0,-5452.988436718728,False
1911-01-01,-5781.272063006783,0.0,-5781.272063006783,False
1911-02-01,-6144.393075105799,0.0,-6144.393075105799,False
1911-03-01,-6548.142349081929,0.0,-6548.142349081929,False
1911-04-01,-6999.6693646721915,0.0,-6999.6693646721915,False
1911-05-01,-7507.905467711639,0.0,-7507.905467711639,False
1911-06-01,-8084.155884211926,0.0,-8084.155884211926,False
1911-07-01,-8742.944566527973,0.0,-8742.944566527973,False
1911-08-01,-9503.247498838658,0.0,-9503.247498838658,False
1911-09-01,-10390.34013823175,0.0,-10390.34013823175,False
1911-10-01,-11438.648065303962,0.0,-11438.648065303962,False
1911-11-01,-12696.299653903216,0.0,-12696.299653903216,False
1911-12-01,-14232.697357603336,0.0,-14232.697357603336,False
1912-01-01,-16151.732763102418,0.0,-16151.732763102418,False
1912-02-01,-18616.249799353413,0.0,-18616.249799353413,False
1912-03-01,-21896.772252844014,0.0,-21896.772252844014,False
1912-04-01,-26478.134715644665,0.0,-26478.134715644665,False
1912-05-01,-33324.11713944569,0.0,-33324.11713944569,False
1912-06-01,-44662.811255753026,0.0,-44662.811255753026,False
1912-07-01,-67071.53564661098,0.0,-67071.53564661098,False
1912-08-01,-132203.5455253481,0.0,-132203.5455253481,False
1912-09-01,-2845979.6378684086,0.0,-2845979.6378684086,False
1912-10-01,148562.04437363028,0.0,148562.04437363028,False
1912-11-01,73067.12969582947,0.0,73067.12969582947,False
1912-12-01,48743.47652020716,0.0,48743.47652020716,False
1913-01-01,36734.86140184425,0.0,36734.86140184425,False
1913-02-01,29578.854633751205,0.0,29578.854633751205,False
1913-03-01,24829.0980645097,0.0,24829.0980645097,False
1913-04-01,21447.04412262523,0.0,21447.04412262523,False
1913-05-01,18916.631217944985,0.0,18916.631217944985,False
1913-06-01,16952.41873918755,0.0,16952.41873918755,False
1913-07-01,15383.706617134138,0.0,15383.706617134138,False
1913-08-01,14102.14628672308,0.0,14102.14628672308,False
1913-09-01,13035.653972771534,0.0,13035.653972771534,False
1913-10-01,12134.409722799175,0.0,12134.409722799175,False
1913-11-01,11362.878009034535,0.0,11362.878009034535,False
1913-12-01,10695.030589640866,0.0,10695.030589640866,False
1914-01-01,10111.366320825064,0.0,10111.366320825064,False
1914-02-01,9596.985851942069,0.0,9596.985851942069,False
1914-03-01,9140.309847306216,0.0,9140.309847306216,False
1914-04-01,8732.2030305943,0.0,8732.2030305943,False
1914-05-01,8365.361663772304,0.0,8365.361663772304,False
1914-06-01,8033.87644289041,0.0,8033.87644289041,False
1914-07-01,7732.91487122827,0.0,7732.91487122827,False
1914-08-01,7458.486669193098,0.0,7458.486669193098,False
1914-09-01,7207.267952181744,0.0,7207.267952181744,False
1914-10-01,6976.4676889404345,0.0,6976.4676889404345,False
1914-11-01,6763.725035637291,0.0,6763.725035637291,False
1914-12-01,6567.029526223828,0.0,6567.029526223828,False
1915-01-01,6384.658394958991,0.0,6384.658394958991,False
1915-02-01,6215.126888720204,0.0,6215.126888720204,False
1915-03-01,6057.148533174302,0.0,6057.148533174302,False
1915-04-01,5909.6031015901635,0.0,5909.6031015901635,False
1915-05-01,5771.510598746693,0.0,5771.510598746693,False
1915-06-01,5642.009982102514,0.0,5642.009982102514,False
1915-07-01,5520.341643495329,0.0,5520.341643495329,False
1915-08-01,5405.832898206829,0.0,5405.832898206829,False
1915-09-01,5297.885895827822,0.0,5297.885895827822,False
1915-10-01,5195.967494134786,0.0,5195.967494134786,False
1915-11-01,5099.60073390208,0.0,5099.60073390208,False
1915-12-01,5008.357626939635,0.0,5008.357626939635,False
1916-01-01,4921.853027258384,0.0,4921.853027258384,False
1916-02-01,4839.739400217215,0.0,4839.739400217215,False
1916-03-01,4761.702339812518,0.0,4761.702339812518,False
1916-04-01,4687.4567121798245,0.0,4687.4567121798245,False
1916-05-01,4616.74332557168,0.0,4616.74332557168,False
1916-06-01,4549.3260448255805,0.0,4549.3260448255805,False
1916-07-01,4484.989282610001,0.0,4484.989282610001,False
1916-08-01,4423.535811273549,0.0,4423.535811273549,False
1916-09-01,4364.784848494746,0.0,4364.784848494746,False
1916-10-01,4308.570377578861,0.0,4308.570377578861,False
1916-11-01,4254.739669518592,0.0,4254.739669518592,False
1916-12-01,4203.151979098885,0.0,4203.151979098885,False
1917-01-01,4153.677391594742,0.0,4153.677391594742,False
1917-02-01,4106.19580015369,0.0,4106.19580015369,False
1917-03-01,4060.5959969069304,0.0,4060.5959969069304,False
1917-04-01,4016.774863321714,0.0,4016.774863321714,False
1917-05-01,3974.636647378662,0.0,3974.636647378662,False
1917-06-01,3934.092316902256,0.0,3934.092316902256,False
1917-07-01,3895.0589798456344,0.0,3895.0589798456344,False
1917-08-01,3857.4593635794727,0.0,3857.4593635794727,False
1917-09-01,3821.2213462952914,0.0,3821.2213462952914,False
1917-10-01,3786.2775345380664,0.0,3786.2775345380664,False
1917-11-01,3752.5648816559196,0.0,3752.5648816559196,False
1917-12-01,3720.024342616811,0.0,3720.024342616811,False
1918-01-01,3688.6005612115964,0.0,3688.6005612115964,False
1918-02-01,3658.2415861530726,0.0,3658.2415861530726,False
1918-03-01,3628.89861300385,0.0,3628.89861300385,False
1918-04-01,3600.525749232582,0.0,3600.525749232582,False
1918-05-01,3573.0798000159893,0.0,3573.0798000159893,False
1918-06-01,3546.520072680401,0.0,3546.520072680401,False
1918-07-01,3520.808197917618,0.0,3520.808197917618,False
1918-08-01,3495.907966120057,0.0,3495.907966120057,False
1918-09-01,3471.7851773642983,0.0,3471.7851773642983,False
1918-10-01,3448.4075037332973,0.0,3448.4075037332973,False
1918-11-01,3425.744362809319,0.0,3425.744362809319,False
1918-12-01,3403.7668012943473,0.0,3403.7668012943473,False
1919-01-01,3382.447387824459,0.0,3382.447387824459,False
1919-02-01,3361.760114141835,0.0,3361.760114141835,False
1919-03-01,3341.6803038739085,0.0,3341.6803038739085,False
1919-04-01,3322.1845282450954,0.0,3322.1845282450954,False
1919-05-01,3303.25052811413,0.0,3303.25052811413,False
1919-06-01,3284.8571417900553,0.0,3284.8571417900553,False
1919-07-01,3266.9842381331664,0.0,3266.9842381331664,False
1919-08-01,3249.612654494957,0.0,3249.612654494957,False
1919-09-01,3232.724139093576,0.0,3232.724139093576,False
1919-10-01,3216.3012974592425,0.0,3216.3012974592425,False
1919-11-01,3200.327542618177,0.0,3200.327542618177,False
1919-12-01,3184.7870487140267,0.0,3184.7870487140267,False
1920-01-01,3169.6647077932344,0.0,3169.6647077932344,False
1920-02-01,3154.9460895052794,0.0,3154.9460895052794,False
1920-03-01,3140.617403490978,0.0,3140.617403490978,False
1920-04-01,3126.665464251953,0.0,3126.665464251953,False
1920-05-01,3113.0776583123393,0.0,3113.0776583123393,False
1920-06-01,3099.8419135000954,0.0,3099.8419135000954,False
1920-07-01,3086.946670190011,0.0,3086.946670190011,False
1920-08-01,3074.380854363738,0.0,3074.380854363738,False
1920-09-01,3062.133852354269,0.0,3062.133852354269,False
1920-10-01,3050.1954871532885,0.0,3050.1954871532885,False
1920-11-01,3038.55599616962,0.0,3038.55599616962,False
1920-12-01,3027.2060103361473,0.0,3027.2060103361473,False
1921-01-01,3016.1365344707438,0.0,3016.1365344707438,False
1921-02-01,3005.3389288042617,0.0,3005.3389288042617,False
1921-03-01,2994.804891595411,0.0,2994.804891595411,False
1921-04-01,2984.5264427586208,0.0,2984.5264427586208,False
1921-05-01,2974.4959084366974,0.0,2974.4959084366974,False
1921-06-01,2964.7059064551954,0.0,2964.7059064551954,False
1921-07-01,2955.1493326002665,0.0,2955.1493326002665,False
1921-08-01,2945.819347666099,0.0,2945.819347666099,False
1921-09-01,2936.709365221992,0.0,2936.709365221992,False
1921-10-01,2927.8130400528407,0.0,2927.8130400528407,False
1921-11-01,2919.124257230174,0.0,2919.124257230174,False
1921-12-01,2910.6371217739033,0.0,2910.6371217739033,False
1922-01-01,2902.3459488678836,0.0,2902.3459488678836,False
1922-02-01,2894.2452545949263,0.0,2894.2452545949263,False
1922-03-01,2886.3297471593746,0.0,2886.3297471593746,False
1922-04-01,2878.594318567517,0.0,2878.594318567517,False
1922-05-01,2871.0340367381964,0.0,2871.0340367381964,False
1922-06-01,2863.6441380178885,0.0,2863.6441380178885,False
1922-07-01,2856.4200200761893,0.0,2856.4200200761893,False
1922-08-01,2849.3572351593602,0.0,2849.3572351593602,False
1922-09-01,2842.4514836810113,0.0,2842.4514836810113,False
1922-10-01,2835.6986081304076,0.0,2835.6986081304076,False
1922-11-01,2829.0945872801594,0.0,2829.0945872801594,False
1922-12-01,2822.6355306762516,0.0,2822.6355306762516,False
1923-01-01,2816.317673394461,0.0,2816.317673394461,False
1923-02-01,2810.1373710482194,0.0,2810.1373710482194,False
1923-03-01,2804.0910950339735,0.0,2804.0910950339735,False
1923-04-01,2798.1754280009027,0.0,2798.1754280009027,False
1923-05-01,2792.3870595327544,0.0,2792.3870595327544,False
1923-06-01,2786.7227820302414,0.0,2786.7227820302414,False
1923-07-01,2781.1794867832336,0.0,2781.1794867832336,False
1923-08-01,2775.7541602225597,0.0,2775.7541602225597,False
1923-09-01,2770.443880341899,0.0,2770.443880341899,False
1923-10-01,2765.245813280824,0.0,2765.245813280824,False
1923-11-01,2760.157210060537,0.0,2760.157210060537,False
1923-12-01,2755.175403464395,0.0,2755.175403464395,False
1924-01-01,2750.297805055773,0.0,2750.297805055773,False
1924-02-01,2745.5219023262257,0.0,2745.5219023262257,False
1924-03-01,2740.8452559673397,0.0,2740.8452559673397,False
1924-04-01,2736.265497260056,0.0,2736.265497260056,False
1924-05-01,2731.7803255755625,0.0,2731.7803255755625,False
1924-06-01,2727.3875059822344,0.0,2727.3875059822344,False
1924-07-01,2723.084866953376,0.0,2723.084866953376,False
1924-08-01,2718.8702981708393,0.0,2718.8702981708393,False
1924-09-01,2714.74174841985,0.0,2714.74174841985,False
1924-10-01,2710.6972235706235,0.0,2710.6972235706235,False
1924-11-01,2706.73478464264,0.0,2706.73478464264,False
1924-12-01,2702.8525459476,0.0,2702.8525459476,False
1925-01-01,2699.048673307364,0.0,2699.048673307364,False
1925-02-01,2695.3213823433507,0.0,2695.3213823433507,False
1925-03-01,2691.668936834038,0.0,2691.668936834038,False
1925-04-01,2688.0896471374317,0.0,2688.0896471374317,False
1925-05-01,2684.5818686754988,0.0,2684.5818686754988,False
1925-06-01,2681.1440004777205,0.0,2681.1440004777205,False
1925-07-01,2677.774483781098,0.0,2677.774483781098,False
1925-08-01,2674.471800684037,0.0,2674.471800684037,False
1925-09-01,2671.2344728517187,0.0,2671.2344728517187,False
1925-10-01,2668.061060270633,0.0,2668.061060270633,False
1925-11-01,2664.950160050118,0.0,2664.950160050118,False
1925-12-01,2661.900405268831,0.0,2661.900405268831,False
1926-01-01,2658.9104638641775,0.0,2658.9104638641775,False
1926-02-01,2655.979037562837,0.0,2655.979037562837,False
1926-03-01,2653.1048608506144,0.0,2653.1048608506144,False
1926-04-01,2650.286699979918,0.0,2650.286699979918,False
1926-05-01,2647.5233520132647,0.0,2647.5233520132647,False
1926-06-01,2644.813643901291,0.0,2644.813643901291,False
1926-07-01,2642.1564315938003,0.0,2642.1564315938003,False
1926-08-01,2639.5505991824775,0.0,2639.5505991824775,False
1926-09-01,2636.9950580739437,0.0,2636.9950580739437,False
1926-10-01,2634.4887461918984,0.0,2634.4887461918984,False
1926-11-01,2632.0306272071525,0.0,2632.0306272071525,False
1926-12-01,2629.619689794411,0.0,2629.619689794411,False
1927-01-01,2627.2549469147193,0.0,2627.2549469147193,False
1927-02-01,2624.935435122534,0.0,2624.935435122534,False
1927-03-01,2622.6602138964327,0.0,2622.6602138964327,False
1927-04-01,2620.4283649925137,0.0,2620.4283649925137,False
1927-05-01,2618.23899181959,0.0,2618.23899181959,False
1927-06-01,2616.0912188353104,0.0,2616.0912188353104,False
1927-07-01,2613.9841909623988,0.0,2613.9841909623988,False
1927-08-01,2611.917073024212,0.0,2611.917073024212,False
1927-09-01,2609.8890491988755,0.0,2609.8890491988755,False
1927-10-01,2607.899322491277,0.0,2607.899322491277,False
1927-11-01,2605.9471142222415,0.0,2605.9471142222415,False
1927-12-01,2604.0316635342147,0.0,2604.0316635342147,False
1928-01-01,2602.152226912847,0.0,2602.152226912847,False
1928-02-01,2600.3080777238683,0.0,2600.3080777238683,False
1928-03-01,2598.4985057646863,0.0,2598.4985057646863,False
1928-04-01,2596.7228168301485,0.0,2596.7228168301485,False
1928-05-01,2594.980332291957,0.0,2594.980332291957,False
1928-06-01,2593.270388691225,0.0,2593.270388691225,False
1928-07-01,2591.5923373436876,0.0,2591.5923373436876,False
1928-08-01,2589.9455439571184,0.0,2589.9455439571184,False
1928-09-01,2588.3293882605,0.0,2588.3293882605,False
1928-10-01,2586.7432636445214,0.0,2586.7432636445214,False
1928-11-01,2585.1865768130106,0.0,2585.1865768130106,False
1928-12-01,2583.6587474448925,0.0,2583.6587474448925,False
1929-01-01,2582.1592078663134,0.0,2582.1592078663134,False
1929-02-01,2580.6874027325703,0.0,2580.6874027325703,False
1929-03-01,2579.2427887194926,0.0,2579.2427887194926,False
1929-04-01,2577.8248342239544,0.0,2577.8248342239544,False
1929-05-01,2576.4330190732003,0.0,2576.4330190732003,False
1929-06-01,2575.0668342426725,0.0,2575.0668342426725,False
1929-07-01,2573.725781582059,0.0,2573.725781582059,False
1929-08-01,2572.4093735492625,0.0,2572.4093735492625,False
1929-09-01,2571.117132952047,0.0,2571.117132952047,False
1929-10-01,2569.8485926970784,0.0,2569.8485926970784,False
1929-11-01,2568.6032955461196,0.0,2568.6032955461196,False
1929-12-01,2567.380793879147,0.0,2567.380793879147,False
1930-01-01,2566.1806494641455,0.0,2566.1806494641455,False
1930-02-01,2565.0024332333664,0.0,2565.0024332333664,False
1930-03-01,2563.8457250658403,0.0,2563.8457250658403,False
1930-04-01,2562.7101135759267,0.0,2562.7101135759267,False
1930-05-01,2561.59519590772,0.0,2561.59519590772,False
1930-06-01,2560.5005775351037,0.0,2560.5005775351037,False
1930-07-01,2559.4258720672865,0.0,2559.4258720672865,False
1930-08-01,2558.370701059635,0.0,2558.370701059635,False
1930-09-01,2557.3346938296304,0.0,2557.3346938296304,False
1930-10-01,2556.3174872778013,0.0,2556.3174872778013,False
1930-11-01,2555.318725713455,0.0,2555.318725713455,False
1930-12-01,2554.3380606850733,0.0,2554.3380606850733,False
1931-01-01,2553.3751508152136,0.0,2553.3751508152136,False
1931-02-01,2552.429661639787,0.0,2552.429661639787,False
1931-03-01,2551.5012654515635,0.0,2551.5012654515635,False
1931-04-01,2550.5896411477897,0.0,2550.5896411477897,False
1931-05-01,2549.6944740817758,0.0,2549.6944740817758,False
1931-06-01,2548.815455918345,0.0,2548.815455918345,False
1931-07-01,2547.9522844930175,0.0,2547.9522844930175,False
1931-08-01,2547.1046636748247,0.0,2547.1046636748247,False
1931-09-01,2546.272303232636,0.0,2546.272303232636,False
1931-10-01,2545.454918704894,0.0,2545.454918704894,False
1931-11-01,2544.652231272667,0.0,2544.652231272667,False
1931-12-01,2543.863967635905,0.0,2543.863967635905,False
1932-01-01,2543.089859892811,0.0,2543.089859892811,False
1932-02-01,2542.329645422243,0.0,2542.329645422243,False
1932-03-01,2541.583066769046,0.0,2541.583066769046,False
1932-04-01,2540.8498715322335,0.0,2540.8498715322335,False
1932-05-01,2540.1298122559397,0.0,2540.1298122559397,False
1932-06-01,2539.4226463230575,0.0,2539.4226463230575,False
1932-07-01,2538.7281358514865,0.0,2538.7281358514865,False
1932-08-01,2538.046047592915,0.0,2538.046047592915,False
1932-09-01,2537.376152834068,0.0,2537.376152834068,False
1932-10-01,2536.7182273003473,0.0,2536.7182273003473,False
1932-11-01,2536.072051061798,0.0,2536.072051061798,False
1932-12-01,2535.4374084413353,0.0,2535.4374084413353,False
1933-01-01,2534.8140879251655,0.0,2534.8140879251655,False
1933-02-01,2534.2018820753533,0.0,2534.2018820753533,False
1933-03-01,2533.6005874444527,0.0,2533.6005874444527,False
1933-04-01,2533.0100044921687,0.0,2533.0100044921687,False
1933-05-01,2532.4299375039786,0.0,2532.4299375039786,False
1933-06-01,2531.860194511664,0.0,2531.860194511664,False
1933-07-01,2531.300587215703,0.0,2531.300587215703,False
1933-08-01,2530.7509309094703,0.0,2530.7509309094703,False
1933-09-01,2530.211044405196,0.0,2530.211044405196,False
1933-10-01,2529.6807499616407,0.0,2529.6807499616407,False
1933-11-01,2529.159873213431,0.0,2529.159873213431,False
1933-12-01,2528.6482431020245,0.0,2528.6482431020245,False
1934-01-01,2528.1456918082445,0.0,2528.1456918082445,False
1934-02-01,2527.652054686367,0.0,2527.652054686367,False
1934-03-01,2527.1671701996893,0.0,2527.1671701996893,False
1934-04-01,2526.690879857568,0.0,2526.690879857568,False
1934-05-01,2526.2230281538705,0.0,2526.2230281538705,False
1934-06-01,2525.763462506816,0.0,2525.763462506816,False
1934-07-01,2525.3120332001567,0.0,2525.3120332001567,False
1934-08-01,2524.8685933256797,0.0,2524.8685933256797,False
1934-09-01,2524.4329987269834,0.0,2524.4329987269834,False
1934-10-01,2524.0051079445016,0.0,2524.0051079445016,False
1934-11-01,2523.5847821617435,0.0,2523.5847821617435,False
1934-12-01,2523.1718851527185,0.0,2523.1718851527185,False
1935-01-01,2522.766283230513,0.0,2522.766283230513,False
1935-02-01,2522.367845196999,0.0,2522.367845196999,False
1935-03-01,2521.976442293629,0.0,2521.976442293629,False
1935-04-01,2521.591948153315,0.0,2521.591948153315,False
1935-05-01,2521.2142387533418,0.0,2521.2142387533418,False
1935-06-01,2520.8431923692983,0.0,2520.8431923692983,False
1935-07-01,2520.4786895300067,0.0,2520.4786895300067,False
1935-08-01,2520.120612973417,0.0,2520.120612973417,False
1935-09-01,2519.7688476034496,0.0,2519.7688476034496,False
1935-10-01,2519.423280447752,0.0,2519.423280447752,False
1935-11-01,2519.083800616366,0.0,2519.083800616366,False
1935-12-01,2518.750299261265,0.0,2518.750299261265,False
1936-01-01,2518.4226695367515,0.0,2518.4226695367515,False
1936-02-01,2518.100806560692,0.0,2518.100806560692,False
1936-03-01,2517.7846073765622,0.0,2517.7846073765622,False
1936-04-01,2517.4739709162995,0.0,2517.4739709162995,False
1936-05-01,2517.1687979639237,0.0,2517.1687979639237,False
1936-06-01,2516.868991119925,0.0,2516.868991119925,False
1936-07-01,2516.574454766389,0.0,2516.574454766389,False
1936-08-01,2516.2850950328484,0.0,2516.2850950328484,False
1936-09-01,2516.0008197628463,0.0,2516.0008197628463,False
1936-10-01,2515.7215384811802,0.0,2515.7215384811802,False
1936-11-01,2515.4471623618347,0.0,2515.4471623618347,False
1936-12-01,2515.1776041965622,0.0,2515.1776041965622,False
1937-01-01,2514.912778364118,0.0,2514.912778364118,False
1937-02-01,2514.652600800116,0.0,2514.652600800116,False
1937-03-01,2514.396988967508,0.0,2514.396988967508,False
1937-04-01,2514.1458618276606,0.0,2514.1458618276606,False
1937-05-01,2513.8991398120156,0.0,2513.8991398120156,False
1937-06-01,2513.6567447943353,0.0,2513.6567447943353,False
1937-07-01,2513.4186000634995,0.0,2513.4186000634995,False
1937-08-01,2513.1846302968584,0.0,2513.1846302968584,False
1937-09-01,2512.9547615341157,0.0,2512.9547615341157,False
1937-10-01,2512.7289211517414,0.0,2512.7289211517414,False
1937-11-01,2512.507037837898,0.0,2512.507037837898,False
1937-12-01,2512.2890415678626,0.0,2512.2890415678626,False
1938-01-01,2512.074863579947,0.0,2512.074863579947,False
1938-02-01,2511.86443635189,0.0,2511.86443635189,False
1938-03-01,2511.6576935777293,0.0,2511.6576935777293,False
1938-04-01,2511.454570145117,0.0,2511.454570145117,False
1938-05-01,2511.2550021131005,0.0,2511.2550021131005,False
1938-06-01,2511.0589266903326,0.0,2511.0589266903326,False
1938-07-01,2510.8662822137117,0.0,2510.8662822137117,False
1938-08-01,2510.6770081274462,0.0,2510.6770081274462,False
1938-09-01,2510.4910449625286,0.0,2510.4910449625286,False
1938-10-01,2510.3083343166118,0.0,2510.3083343166118,False
1938-11-01,2510.1288188342774,0.0,2510.1288188342774,False
1938-12-01,2509.952442187693,0.0,2509.952442187693,False
1939-01-01,2509.779149057644,0.0,2509.779149057644,False
1939-02-01,2509.608885114936,0.0,2509.608885114936,False
1939-03-01,2509.4415970021573,0.0,2509.4415970021573,False
1939-04-01,2509.2772323157956,0.0,2509.2772323157956,False
1939-05-01,2509.115739588701,0.0,2509.115739588701,False
1939-06-01,2508.9570682728922,0.0,2508.9570682728922,False
1939-07-01,2508.8011687226804,0.0,2508.8011687226804,False
1939-08-01,2508.6479921781397,0.0,2508.6479921781397,False
1939-09-01,2508.4974907488768,0.0,2508.4974907488768,False
1939-10-01,2508.34961739812,0.0,2508.34961739812,False
1939-11-01,2508.204325927116,0.0,2508.204325927116,False
1939-12-01,2508.0615709598187,0.0,2508.0615709598187,False
1940-01-01,2507.9213079278757,0.0,2507.9213079278757,False
1940-02-01,2507.7834930558984,0.0,2507.7834930558984,False
1940-03-01,2507.648083347016,0.0,2507.648083347016,False
1940-04-01,2507.515036568698,0.0,2507.515036568698,False
1940-05-01,2507.3843112388568,0.0,2507.3843112388568,False
1940-06-01,2507.2558666121995,0.0,2507.2558666121995,False
1940-07-01,2507.1296626668536,0.0,2507.1296626668536,False
1940-08-01,2507.005660091234,0.0,2507.005660091234,False
1940-09-01,2506.8838202711618,0.0,2506.8838202711618,False
1940-10-01,2506.7641052772296,0.0,2506.7641052772296,False
1940-11-01,2506.646477852401,0.0,2506.646477852401,False
1940-12-01,2506.530901399841,0.0,2506.530901399841,False
1941-01-01,2506.4173399709844,0.0,2506.4173399709844,False
1941-02-01,2506.3057582538167,0.0,2506.3057582538167,False
1941-03-01,2506.196121561384,0.0,2506.196121561384,False
1941-04-01,2506.0883958205104,0.0,2506.0883958205104,False
1941-05-01,2505.982547560732,0.0,2505.982547560732,False
1941-06-01,2505.8785439034377,0.0,2505.8785439034377,False
1941-07-01,2505.776352551206,0.0,2505.776352551206,False
1941-08-01,2505.6759417773465,0.0,2505.6759417773465,False
1941-09-01,2505.5772804156377,0.0,2505.5772804156377,False
1941-10-01,2505.480337850247,0.0,2505.480337850247,False
1941-11-01,2505.385084005846,0.0,2505.385084005846,False
1941-12-01,2505.291489337906,0.0,2505.291489337906,False
1942-01-01,2505.1995248231747,0.0,2505.1995248231747,False
1942-02-01,2505.109161950324,0.0,2505.109161950324,False
1942-03-01,2505.0203727107796,0.0,2505.0203727107796,False
1942-04-01,2504.9331295897105,0.0,2504.9331295897105,False
1942-05-01,2504.847405557193,0.0,2504.847405557193,False
1942-06-01,2504.763174059531,0.0,2504.763174059531,False
1942-07-01,2504.680409010741,0.0,2504.680409010741,False
1942-08-01,2504.5990847841913,0.0,2504.5990847841913,False
1942-09-01,2504.5191762043924,0.0,2504.5191762043924,False
1942-10-01,2504.440658538945,0.0,2504.440658538945,False
1942-11-01,2504.3635074906306,0.0,2504.3635074906306,False
1942-12-01,2504.287699189644,0.0,2504.287699189644,False
1943-01-01,2504.213210185979,0.0,2504.213210185979,False
1943-02-01,2504.140017441939,0.0,2504.140017441939,False
1943-03-01,2504.068098324799,0.0,2504.068098324799,False
1943-04-01,2503.9974305995893,0.0,2503.9974305995893,False
1943-05-01,2503.9279924220177,0.0,2503.9279924220177,False
1943-06-01,2503.8597623315204,0.0,2503.8597623315204,False
1943-07-01,2503.7927192444376,0.0,2503.7927192444376,False
1943-08-01,2503.7268424473114,0.0,2503.7268424473114,False
1943-09-01,2503.662111590312,0.0,2503.662111590312,False
1943-10-01,2503.598506680778,0.0,2503.598506680778,False
1943-11-01,2503.536008076873,0.0,2503.536008076873,False
1943-12-01,2503.4745964813633,0.0,2503.4745964813633,False
1944-01-01,2503.414252935502,0.0,2503.414252935502,False
1944-02-01,2503.3549588130304,0.0,2503.3549588130304,False
1944-03-01,2503.2966958142806,0.0,2503.2966958142806,False
1944-04-01,2503.239445960389,0.0,2503.239445960389,False
1944-05-01,2503.1831915876164,0.0,2503.1831915876164,False
1944-06-01,2503.1279153417668,0.0,2503.1279153417668,False
1944-07-01,2503.0736001727073,0.0,2503.0736001727073,False
1944-08-01,2503.02022932899,0.0,2503.02022932899,False
1944-09-01,2502.967786352567,0.0,2502.967786352567,False
1944-10-01,2502.916255073605,0.0,2502.916255073605,False
1944-11-01,2502.8656196053876,0.0,2502.8656196053876,False
1944-12-01,2502.815864339315,0.0,2502.815864339315,False
1945-01-01,2502.7669739399885,0.0,2502.7669739399885,False
1945-02-01,2502.718933340391,0.0,2502.718933340391,False
1945-03-01,2502.6717277371413,0.0,2502.6717277371413,False
1945-04-01,2502.625342585849,0.0,2502.625342585849,False
1945-05-01,2502.579763596541,0.0,2502.579763596541,False
1945-06-01,2502.5349767291736,0.0,2502.5349767291736,False
1945-07-01,2502.490968189228,0.0,2502.490968189228,False
1945-08-01,2502.4477244233804,0.0,2502.4477244233804,False
1945-09-01,2502.4052321152512,0.0,2502.4052321152512,False
1945-10-01,2502.3634781812325,0.0,2502.3634781812325,False
1945-11-01,2502.322449766385,0.0,2502.322449766385,False
1945-12-01,2502.2821342404163,0.0,2502.2821342404163,False
1946-01-01,2502.24251919372,0.0,2502.24251919372,False
1946-02-01,2502.203592433496,0.0,2502.203592433496,False
1946-03-01,2502.1653419799354,0.0,2502.1653419799354,False
1946-04-01,2502.1277560624712,0.0,2502.1277560624712,False
1946-05-01,2502.090823116101,0.0,2502.090823116101,False
1946-06-01,2502.054531777773,0.0,2502.054531777773,False
1946-07-01,2502.0188708828323,0.0,2502.0188708828323,False
1946-08-01,2501.983829461539,0.0,2501.983829461539,False
1946-09-01,2501.94939673564,0.0,2501.94939673564,False
1946-10-01,2501.9155621150076,0.0,2501.9155621150076,False
1946-11-01,2501.882315194334,0.0,2501.882315194334,False
1946-12-01,2501.849645749885,0.0,2501.849645749885,False
1947-01-01,2501.8175437363175,0.0,2501.8175437363175,False
1947-02-01,2501.785999283543,0.0,2501.785999283543,False
1947-03-01,2501.7550026936533,0.0,2501.7550026936533,False
1947-04-01,2501.724544437903,0.0,2501.724544437903,False
1947-05-01,2501.6946151537395,0.0,2501.6946151537395,False
1947-06-01,2501.665205641888,0.0,2501.665205641888,False
1947-07-01,2501.6363068634905,0.0,2501.6363068634905,False
1947-08-01,2501.607909937293,0.0,2501.607909937293,False
1947-09-01,2501.580006136881,0.0,2501.580006136881,False
1947-10-01,2501.5525868879704,0.0,2501.5525868879704,False
1947-11-01,2501.525643765738,0.0,2501.525643765738,False
1947-12-01,2501.4991684922043,0.0,2501.4991684922043,False
1948-01-01,2501.473152933664,0.0,2501.473152933664,False
1948-02-01,2501.4475890981544,0.0,2501.4475890981544,False
1948-03-01,2501.42246913298,0.0,2501.42246913298,False
1948-04-01,2501.3977853222686,0.0,2501.3977853222686,False
1948-05-01,2501.37353008458,0.0,2501.37353008458,False
1948-06-01,2501.349695970552,0.0,2501.349695970552,False
1948-07-01,2501.3262756605905,0.0,2501.3262756605905,False
1948-08-01,2501.303261962597,0.0,2501.303261962597,False
1948-09-01,2501.2806478097405,0.0,2501.2806478097405,False
1948-10-01,2501.258426258265,0.0,2501.258426258265,False
1948-11-01,2501.236590485339,0.0,2501.236590485339,False
1948-12-01,2501.215133786941,0.0,2501.215133786941,False
1949-01-01,2501.194049575777,0.0,2501.194049575777,False
1949-02-01,2501.173331379251,0.0,2501.173331379251,False
1949-03-01,2501.15297283745,0.0,2501.15297283745,False
1949-04-01,2501.1329677011786,0.0,2501.1329677011786,False
1949-05-01,2501.113309830027,0.0,2501.113309830027,False
1949-06-01,2501.0939931904663,0.0,2501.0939931904663,False
1949-07-01,2501.075011853983,0.0,2501.075011853983,False
1949-08-01,2501.0563599952466,0.0,2501.0563599952466,False
1949-09-01,2501.038031890305,0.0,2501.038031890305,False
1949-10-01,2501.020021914814,0.0,2501.020021914814,False
1949-11-01,2501.0023245423017,0.0,2501.0023245423017,False
1949-12-01,2500.984934342455,0.0,2500.984934342455,False
1950-01-01,2500.967845979445,0.0,2500.967845979445,False
1950-02-01,2500.951054210276,0.0,2500.951054210276,False
1950-03-01,2500.934553883166,0.0,2500.934553883166,False
1950-04-01,2500.9183399359526,0.0,2500.9183399359526,False
1950-05-01,2500.9024073945347,0.0,2500.9024073945347,False
1950-06-01,2500.8867513713294,0.0,2500.8867513713294,False
1950-07-01,2500.8713670637694,0.0,2500.8713670637694,False
1950-08-01,2500.8562497528137,0.0,2500.8562497528137,False
1950-09-01,2500.841394801496,0.0,2500.841394801496,False
1950-10-01,2500.826797653489,0.0,2500.826797653489,False
1950-11-01,2500.812453831702,0.0,2500.812453831702,False
1950-12-01,2500.7983589368987,0.0,2500.7983589368987,False
1951-01-01,2500.784508646336,0.0,2500.784508646336,False
1951-02-01,2500.7708987124347,0.0,2500.7708987124347,False
1951-03-01,2500.7575249614683,0.0,2500.7575249614683,False
1951-04-01,2500.7443832922754,0.0,2500.7443832922754,False
1951-05-01,2500.7314696749936,0.0,2500.7314696749936,False
1951-06-01,2500.7187801498194,0.0,2500.7187801498194,False
1951-07-01,2500.706310825786,0.0,2500.706310825786,False
1951-08-01,2500.6940578795643,0.0,2500.6940578795643,False
1951-09-01,2500.6820175542844,0.0,2500.6820175542844,False
1951-10-01,2500.670186158377,0.0,2500.670186158377,False
1951-11-01,2500.6585600644366,0.0,2500.6585600644366,False
1951-12-01,2500.647135708105,0.0,2500.647135708105,False
1952-01-01,2500.6359095869716,0.0,2500.6359095869716,False
1952-02-01,2500.624878259494,0.0,2500.624878259494,False
1952-03-01,2500.614038343939,0.0,2500.614038343939,False
1952-04-01,2500.603386517342,0.0,2500.603386517342,False
1952-05-01,2500.5929195144827,0.0,2500.5929195144827,False
1952-06-01,2500.582634126878,0.0,2500.582634126878,False
1952-07-01,2500.5725272017985,0.0,2500.5725272017985,False
1952-08-01,2500.5625956412932,0.0,2500.5625956412932,False
1952-09-01,2500.55283640124,0.0,2500.55283640124,False
1952-10-01,2500.5432464904047,0.0,2500.5432464904047,False
1952-11-01,2500.5338229695235,0.0,2500.5338229695235,False
1952-12-01,2500.524562950398,0.0,2500.524562950398,False
1953-01-01,2500.5154635950053,0.0,2500.5154635950053,False
1953-02-01,2500.506522114626,0.0,2500.506522114626,False
1953-03-01,2500.4977357689863,0.0,2500.4977357689863,False
1953-04-01,2500.489101865414,0.0,2500.489101865414,False
1953-05-01,2500.4806177580103,0.0,2500.4806177580103,False
1953-06-01,2500.4722808468377,0.0,2500.4722808468377,False
1953-07-01,2500.464088577118,0.0,2500.464088577118,False
1953-08-01,2500.4560384384495,0.0,2500.4560384384495,False
1953-09-01,2500.4481279640327,0.0,2500.4481279640327,False
1953-10-01,2500.4403547299116,0.0,2500.4403547299116,False
1953-11-01,2500.432716354233,0.0,2500.432716354233,False
1953-12-01,2500.4252104965058,0.0,2500.4252104965058,False
1954-01-01,2500.417834856891,0.0,2500.417834856891,False
1954-02-01,2500.410587175488,0.0,2500.410587175488,False
1954-03-01,2500.4034652316436,0.0,2500.4034652316436,False
1954-04-01,2500.3964668432677,0.0,2500.3964668432677,False
1954-05-01,2500.3895898661635,0.0,2500.3895898661635,False
1954-06-01,2500.3828321933674,0.0,2500.3828321933674,False
1954-07-01,2500.3761917545053,0.0,2500.3761917545053,False
1954-08-01,2500.369666515152,0.0,2500.369666515152,False
1954-09-01,2500.363254476208,0.0,2500.363254476208,False
1954-10-01,2500.3569536732857,0.0,2500.3569536732857,False
1954-11-01,2500.350762176107,0.0,2500.350762176107,False
1954-12-01,2500.344678087907,0.0,2500.344678087907,False
1955-01-01,2500.3386995448554,0.0,2500.3386995448554,False
1955-02-01,2500.3328247154805,0.0,2500.3328247154805,False
1955-03-01,2500.32705180011,0.0,2500.32705180011,False
1955-04-01,2500.3213790303153,0.0,2500.3213790303153,False
1955-05-01,2500.3158046683716,0.0,2500.3158046683716,False
1955-06-01,2500.31032700672,0.0,2500.31032700672,False
1955-07-01,2500.30494436745,0.0,2500.30494436745,False
1955-08-01,2500.2996551017754,0.0,2500.2996551017754,False
1955-09-01,2500.2944575895367,0.0,2500.2944575895367,False
1955-10-01,2500.2893502386983,0.0,2500.2893502386983,False
1955-11-01,2500.284331484861,0.0,2500.284331484861,False
1955-12-01,2500.2793997907834,0.0,2500.2793997907834,False
1956-01-01,2500.274553645908,0.0,2500.274553645908,False
1956-02-01,2500.2697915658982,0.0,2500.2697915658982,False
1956-03-01,2500.2651120921846,0.0,2500.2651120921846,False
1956-04-01,2500.260513791514,0.0,2500.260513791514,False
1956-05-01,2500.2559952555116,0.0,2500.2559952555116,False
1956-06-01,2500.2515551002493,0.0,2500.2515551002493,False
1956-07-01,2500.2471919658196,0.0,2500.2471919658196,False
1956-08-01,2500.2429045159183,0.0,2500.2429045159183,False
1956-09-01,2500.238691437437,0.0,2500.238691437437,False
1956-10-01,2500.2345514400567,0.0,2500.2345514400567,False
1956-11-01,2500.230483255853,0.0,2500.230483255853,False
1956-12-01,2500.22648563891,0.0,2500.22648563891,False
1957-01-01,2500.2225573649343,0.0,2500.2225573649343,False
1957-02-01,2500.2186972308805,0.0,2500.2186972308805,False
1957-03-01,2500.214904054583,0.0,2500.214904054583,False
1957-04-01,2500.2111766743924,0.0,2500.2111766743924,False
1957-05-01,2500.207513948821,0.0,2500.207513948821,False
1957-06-01,2500.2039147561904,0.0,2500.2039147561904,False
1957-07-01,2500.2003779942884,0.0,2500.2003779942884,False
1957-08-01,2500.1969025800304,0.0,2500.1969025800304,False
1957-09-01,2500.193487449129,0.0,2500.193487449129,False
1957-10-01,2500.1901315557657,0.0,2500.1901315557657,False
1957-11-01,2500.186833872272,0.0,2500.186833872272,False
1957-12-01,2500.1835933888106,0.0,2500.1835933888106,False
1958-01-01,2500.1804091130707,0.0,2500.1804091130707,False
1958-02-01,2500.1772800699605,0.0,2500.1772800699605,False
1958-03-01,2500.1742053013086,0.0,2500.1742053013086,False
1958-04-01,2500.171183865571,0.0,2500.171183865571,False
1958-05-01,2500.168214837542,0.0,2500.168214837542,False
1958-06-01,2500.1652973080704,0.0,2500.1652973080704,False
1958-07-01,2500.162430383781,0.0,2500.162430383781,False
1958-08-01,2500.159613186801,0.0,2500.159613186801,False
1958-09-01,2500.156844854489,0.0,2500.156844854489,False
1958-10-01,2500.1541245391745,0.0,2500.1541245391745,False
1958-11-01,2500.151451407893,0.0,2500.151451407893,False
1958-12-01,2500.148824642134,0.0,2500.148824642134,False
1959-01-01,2500.146243437591,0.0,2500.146243437591,False
1959-02-01,2500.1437070039105,0.0,2500.1437070039105,False
1959-03-01,2500.141214564455,0.0,2500.141214564455,False
1959-04-01,2500.1387653560605,0.0,2500.1387653560605,False
1959-05-01,2500.1363586288053,0.0,2500.1363586288053,False
1959-06-01,2500.133993645779,0.0,2500.133993645779,False
1959-07-01,2500.131669682858,0.0,2500.131669682858,False
1959-08-01,2500.129386028482,0.0,2500.129386028482,False
1959-09-01,2500.127141983436,0.0,2500.127141983436,False
1959-10-01,2500.124936860637,0.0,2500.124936860637,False
1959-11-01,2500.1227699849233,0.0,2500.1227699849233,False
1959-12-01,2500.120640692845,0.0,2500.120640692845,False
1960-01-01,2500.118548332466,0.0,2500.118548332466,False
1960-02-01,2500.116492263159,0.0,2500.116492263159,False
1960-03-01,2500.1144718554133,0.0,2500.1144718554133,False
1960-04-01,2500.112486490637,0.0,2500.112486490637,False
1960-05-01,2500.110535560972,0.0,2500.110535560972,False
1960-06-01,2500.1086184691067,0.0,2500.1086184691067,False
1960-07-01,2500.1067346280906,0.0,2500.1067346280906,False
1960-08-01,2500.104883461158,0.0,2500.104883461158,False
1960-09-01,2500.1030644015477,0.0,2500.1030644015477,False
1960-10-01,2500.1012768923333,0.0,2500.1012768923333,False
1960-11-01,2500.0995203862485,0.0,2500.0995203862485,False
1960-12-01,2500.097794345521,0.0,2500.097794345521,False
1961-01-01,2500.09609824171,0.0,2500.09609824171,False
1961-02-01,2500.09443155554,0.0,2500.09443155554,False
1961-03-01,2500.0927937767465,0.0,2500.0927937767465,False
1961-04-01,2500.0911844039147,0.0,2500.0911844039147,False
1961-05-01,2500.0896029443306,0.0,2500.0896029443306,False
1961-06-01,2500.0880489138262,0.0,2500.0880489138262,False
1961-07-01,2500.086521836634,0.0,2500.086521836634,False
1961-08-01,2500.0850212452383,0.0,2500.0850212452383,False
1961-09-01,2500.0835466802355,0.0,2500.0835466802355,False
1961-10-01,2500.0820976901914,0.0,2500.0820976901914,False
1961-11-01,2500.080673831502,0.0,2500.080673831502,False
1961-12-01,2500.0792746682605,0.0,2500.0792746682605,False
1962-01-01,2500.0778997721195,0.0,2500.0778997721195,False
1962-02-01,2500.0765487221634,0.0,2500.0765487221634,False
1962-03-01,2500.0752211047807,0.0,2500.0752211047807,False
1962-04-01,2500.0739165135305,0.0,2500.0739165135305,False
1962-05-01,2500.072634549026,0.0,2500.072634549026,False
1962-06-01,2500.071374818807,0.0,2500.071374818807,False
1962-07-01,2500.070136937222,0.0,2500.070136937222,False
1962-08-01,2500.0689205253084,0.0,2500.0689205253084,False
1962-09-01,2500.067725210678,0.0,2500.067725210678,False
1962-10-01,2500.0665506274026,0.0,2500.0665506274026,False
1962-11-01,2500.065396415902,0.0,2500.065396415902,False
1962-12-01,2500.0642622228315,0.0,2500.0642622228315,False
1963-01-01,2500.063147700978,0.0,2500.063147700978,False
1963-02-01,2500.0620525091504,0.0,2500.0620525091504,False
1963-03-01,2500.060976312076,0.0,2500.060976312076,False
1963-04-01,2500.0599187802973,0.0,2500.0599187802973,False
1963-05-01,2500.0588795900735,0.0,2500.0588795900735,False
1963-06-01,2500.0578584232776,0.0,2500.0578584232776,False
1963-07-01,2500.0568549673017,0.0,2500.0568549673017,False
1963-08-01,2500.0558689149602,0.0,2500.0558689149602,False
1963-09-01,2500.0548999643966,0.0,2500.0548999643966,False
1963-10-01,2500.05394781899,0.0,2500.05394781899,False
1963-11-01,2500.0530121872634,0.0,2500.0530121872634,False
1963-12-01,2500.052092782798,0.0,2500.052092782798,False
1964-01-01,2500.0511893241423,0.0,2500.0511893241423,False
1964-02-01,2500.0503015347263,0.0,2500.0503015347263,False
1964-03-01,2500.049429142778,0.0,2500.049429142778,False
1964-04-01,2500.0485718812374,0.0,2500.0485718812374,False
1964-05-01,2500.0477294876814,0.0,2500.0477294876814,False
1964-06-01,2500.046901704234,0.0,2500.046901704234,False
1964-07-01,2500.046088277495,0.0,2500.046088277495,False
1964-08-01,2500.0452889584585,0.0,2500.0452889584585,False
1964-09-01,2500.044503502438,0.0,2500.044503502438,False
1964-10-01,2500.0437316689913,0.0,2500.0437316689913,False
1964-11-01,2500.0429732218463,0.0,2500.0429732218463,False
1964-12-01,2500.042227928829,0.0,2500.042227928829,False
1965-01-01,2500.0414955617944,0.0,2500.0414955617944,False
1965-02-01,2500.0407758965525,0.0,2500.0407758965525,False
1965-03-01,2500.0400687128026,0.0,2500.0400687128026,False
1965-04-01,2500.0393737940653,0.0,2500.0393737940653,False
1965-05-01,2500.038690927617,0.0,2500.038690927617,False
1965-06-01,2500.038019904421,0.0,2500.038019904421,False
1965-07-01,2500.0373605190707,0.0,2500.0373605190707,False
1965-08-01,2500.036712569718,0.0,2500.036712569718,False
1965-09-01,2500.0360758580177,0.0,2500.0360758580177,False
1965-10-01,2500.035450189066,0.0,2500.035450189066,False
1965-11-01,2500.034835371338,0.0,2500.034835371338,False
1965-12-01,2500.034231216631,0.0,2500.034231216631,False
1966-01-01,2500.033637540007,0.0,2500.033637540007,False
1966-02-01,2500.0330541597364,0.0,2500.0330541597364,False
1966-03-01,2500.0324808972405,0.0,2500.0324808972405,False
1966-04-01,2500.0319175770383,0.0,2500.0319175770383,False
1966-05-01,2500.0313640266927,0.0,2500.0313640266927,False
1966-06-01,2500.0308200767577,0.0,2500.0308200767577,False
1966-07-01,2500.030285560726,0.0,2500.030285560726,False
1966-08-01,2500.029760314978,0.0,2500.029760314978,False
1966-09-01,2500.0292441787324,0.0,2500.0292441787324,False
1966-10-01,2500.028736993996,0.0,2500.028736993996,False
1966-11-01,2500.0282386055173,0.0,2500.0282386055173,False
1966-12-01,2500.027748860737,0.0,2500.027748860737,False
1967-01-01,2500.0272676097397,0.0,2500.0272676097397,False
1967-02-01,2500.0267947052143,0.0,2500.0267947052143,False
1967-03-01,2500.0263300024003,0.0,2500.0263300024003,False
1967-04-01,2500.025873359052,0.0,2500.025873359052,False
1967-05-01,2500.025424635388,0.0,2500.025424635388,False
1967-06-01,2500.024983694052,0.0,2500.024983694052,False
1967-07-01,2500.0245504000713,0.0,2500.0245504000713,False
1967-08-01,2500.024124620813,0.0,2500.024124620813,False
1967-09-01,2500.023706225945,0.0,2500.023706225945,False
1967-10-01,2500.023295087394,0.0,2500.023295087394,False
1967-11-01,2500.0228910793126,0.0,2500.0228910793126,False
1967-12-01,2500.022494078031,0.0,2500.022494078031,False
1968-01-01,2500.0221039620274,0.0,2500.0221039620274,False
1968-02-01,2500.021720611887,0.0,2500.021720611887,False
1968-03-01,2500.0213439102645,0.0,2500.0213439102645,False
1968-04-01,2500.0209737418527,0.0,2500.0209737418527,False
1968-05-01,2500.020609993343,0.0,2500.020609993343,False
1968-06-01,2500.0202525533914,0.0,2500.0202525533914,False
1968-07-01,2500.0199013125857,0.0,2500.0199013125857,False
1968-08-01,2500.019556163411,0.0,2500.019556163411,False
1968-09-01,2500.0192170002183,0.0,2500.0192170002183,False
1968-10-01,2500.018883719189,0.0,2500.018883719189,False
1968-11-01,2500.018556218307,0.0,2500.018556218307,False
1968-12-01,2500.0182343973247,0.0,2500.0182343973247,False
1969-01-01,2500.0179181577323,0.0,2500.0179181577323,False
1969-02-01,2500.0176074027304,0.0,2500.0176074027304,False
1969-03-01,2500.0173020371976,0.0,2500.0173020371976,False
1969-04-01,2500.017001967662,0.0,2500.017001967662,False
1969-05-01,2500.016707102273,0.0,2500.016707102273,False
1969-06-01,2500.0164173507733,0.0,2500.0164173507733,False
1969-07-01,2500.0161326244706,0.0,2500.0161326244706,False
1969-08-01,2500.0158528362113,0.0,2500.0158528362113,False
1969-09-01,2500.0155779003535,0.0,2500.0155779003535,False
1969-10-01,2500.0153077327404,0.0,2500.0153077327404,False
1969-11-01,2500.0150422506745,0.0,2500.0150422506745,False
1969-12-01,2500.014781372893,0.0,2500.014781372893,False
1970-01-01,2500.0145250195415,0.0,2500.0145250195415,False
1970-02-01,2500.0142731121523,0.0,2500.0142731121523,False
1970-03-01,2500.014025573618,0.0,2500.014025573618,False
1970-04-01,2500.013782328167,0.0,2500.013782328167,False
1970-05-01,2500.0135433013447,0.0,2500.0135433013447,False
1970-06-01,2500.013308419985,0.0,2500.013308419985,False
1970-07-01,2500.013077612193,0.0,2500.013077612193,False
1970-08-01,2500.0128508073185,0.0,2500.0128508073185,False
1970-09-01,2500.012627935939,0.0,2500.012627935939,False
1970-10-01,2500.012408929834,0.0,2500.012408929834,False
1970-11-01,2500.012193721968,0.0,2500.012193721968,False
1970-12-01,2500.0119822464662,0.0,2500.0119822464662,False
1971-01-01,2500.011774438598,0.0,2500.011774438598,False
1971-02-01,2500.0115702347553,0.0,2500.0115702347553,False
1971-03-01,2500.0113695724317,0.0,2500.0113695724317,False
1971-04-01,2500.011172390206,0.0,2500.011172390206,False
1971-05-01,2500.0109786277217,0.0,2500.0109786277217,False
1971-06-01,2500.0107882256707,0.0,2500.0107882256707,False
1971-07-01,2500.010601125772,0.0,2500.010601125772,False
1971-08-01,2500.010417270755,0.0,2500.010417270755,False
1971-09-01,2500.010236604344,0.0,2500.010236604344,False
1971-10-01,2500.0100590712377,0.0,2500.0100590712377,False
1971-11-01,2500.009884617095,0.0,2500.009884617095,False
1971-12-01,2500.009713188517,0.0,2500.009713188517,False
1972-01-01,2500.00954473303,0.0,2500.00954473303,False
1972-02-01,2500.009379199072,0.0,2500.009379199072,False
1972-03-01,2500.0092165359742,0.0,2500.0092165359742,False
1972-04-01,2500.009056693947,0.0,2500.009056693947,False
1972-05-01,2500.0088996240643,0.0,2500.0088996240643,False
1972-06-01,2500.0087452782473,0.0,2500.0087452782473,False
1972-07-01,2500.0085936092532,0.0,2500.0085936092532,False
1972-08-01,2500.008444570657,0.0,2500.008444570657,False
1972-09-01,2500.00829811684,0.0,2500.00829811684,False
1972-10-01,2500.0081542029734,0.0,2500.0081542029734,False
1972-11-01,2500.008012785006,0.0,2500.008012785006,False
1972-12-01,2500.0078738196526,0.0,2500.0078738196526,False
1973-01-01,2500.007737264376,0.0,2500.007737264376,False
1973-02-01,2500.0076030773785,0.0,2500.0076030773785,False
1973-03-01,2500.0074712175865,0.0,2500.0074712175865,False
1973-04-01,2500.00734164464,0.0,2500.00734164464,False
1973-05-01,2500.0072143188763,0.0,2500.0072143188763,False
1973-06-01,2500.0070892013227,0.0,2500.0070892013227,False
1973-07-01,2500.006966253683,0.0,2500.006966253683,False
1973-08-01,2500.0068454383236,0.0,2500.0068454383236,False
1973-09-01,2500.006726718264,0.0,2500.006726718264,False
1973-10-01,2500.006610057166,0.0,2500.006610057166,False
1973-11-01,2500.0064954193194,0.0,2500.0064954193194,False
1973-12-01,2500.006382769636,0.0,2500.006382769636,False
1974-01-01,2500.006272073635,0.0,2500.006272073635,False
1974-02-01,2500.006163297433,0.0,2500.006163297433,False
1974-03-01,2500.0060564077344,0.0,2500.0060564077344,False
1974-04-01,2500.005951371822,0.0,2500.005951371822,False
1974-05-01,2500.0058481575456,0.0,2500.0058481575456,False
1974-06-01,2500.0057467333127,0.0,2500.0057467333127,False
1974-07-01,2500.0056470680775,0.0,2500.0056470680775,False
1974-08-01,2500.0055491313337,0.0,2500.0055491313337,False
1974-09-01,2500.005452893105,0.0,2500.005452893105,False
1974-10-01,2500.0053583239333,0.0,2500.0053583239333,False
1974-11-01,2500.0052653948724,0.0,2500.0052653948724,False
1974-12-01,2500.005174077477,0.0,2500.005174077477,False
1975-01-01,2500.005084343797,0.0,2500.005084343797,False
1975-02-01,2500.0049961663653,0.0,2500.0049961663653,False
1975-03-01,2500.0049095181917,0.0,2500.0049095181917,False
1975-04-01,2500.0048243727547,0.0,2500.0048243727547,False
1975-05-01,2500.0047407039915,0.0,2500.0047407039915,False
1975-06-01,2500.0046584862926,0.0,2500.0046584862926,False
1975-07-01,2500.004577694493,0.0,2500.004577694493,False
1975-08-01,2500.004498303862,0.0,2500.004498303862,False
1975-09-01,2500.004420290099,0.0,2500.004420290099,False
1975-10-01,2500.0043436293263,0.0,2500.0043436293263,False
1975-11-01,2500.004268298078,0.0,2500.004268298078,False
1975-12-01,2500.004194273296,0.0,2500.004194273296,False
1976-01-01,2500.004121532323,0.0,2500.004121532323,False
1976-02-01,2500.004050052893,0.0,2500.004050052893,False
1976-03-01,2500.0039798131284,0.0,2500.0039798131284,False
1976-04-01,2500.0039107915277,0.0,2500.0039107915277,False
1976-05-01,2500.0038429669653,0.0,2500.0038429669653,False
1976-06-01,2500.003776318682,0.0,2500.003776318682,False
1976-07-01,2500.003710826276,0.0,2500.003710826276,False
1976-08-01,2500.003646469701,0.0,2500.003646469701,False
1976-09-01,2500.0035832292588,0.0,2500.0035832292588,False
1976-10-01,2500.0035210855926,0.0,2500.0035210855926,False
1976-11-01,2500.003460019681,0.0,2500.003460019681,False
1976-12-01,2500.0034000128317,0.0,2500.0034000128317,False
1977-01-01,2500.0033410466785,0.0,2500.0033410466785,False
1977-02-01,2500.0032831031717,0.0,2500.0032831031717,False
1977-03-01,2500.0032261645756,0.0,2500.0032261645756,False
1977-04-01,2500.0031702134625,0.0,2500.0031702134625,False
1977-05-01,2500.003115232706,0.0,2500.003115232706,False
1977-06-01,2500.0030612054775,0.0,2500.0030612054775,False
1977-07-01,2500.003008115241,0.0,2500.003008115241,False
1977-08-01,2500.002955945744,0.0,2500.002955945744,False
1977-09-01,2500.00290468102,0.0,2500.00290468102,False
1977-10-01,2500.002854305377,0.0,2500.002854305377,False
1977-11-01,2500.002804803395,0.0,2500.002804803395,False
1977-12-01,2500.002756159923,0.0,2500.002756159923,False
1978-01-01,2500.0027083600726,0.0,2500.0027083600726,False
1978-02-01,2500.0026613892105,0.0,2500.0026613892105,False
1978-03-01,2500.002615232962,0.0,2500.002615232962,False
1978-04-01,2500.0025698771974,0.0,2500.0025698771974,False
1978-05-01,2500.0025253080353,0.0,2500.0025253080353,False
1978-06-01,2500.002481511833,0.0,2500.002481511833,False
1978-07-01,2500.002438475186,0.0,2500.002438475186,False
1978-08-01,2500.0023961849197,0.0,2500.0023961849197,False
1978-09-01,2500.002354628091,0.0,2500.002354628091,False
1978-10-01,2500.0023137919798,0.0,2500.0023137919798,False
1978-11-01,2500.002273664086,0.0,2500.002273664086,False
1978-12-01,2500.0022342321267,0.0,2500.0022342321267,False
1979-01-01,2500.0021954840336,0.0,2500.0021954840336,False
1979-02-01,2500.0021574079465,0.0,2500.0021574079465,False
1979-03-01,2500.00211999221,0.0,2500.00211999221,False
1979-04-01,2500.0020832253713,0.0,2500.0020832253713,False
1979-05-01,2500.0020470961776,0.0,2500.0020470961776,False
1979-06-01,2500.00201159357,0.0,2500.00201159357,False
1979-07-01,2500.001976706681,0.0,2500.001976706681,False
1979-08-01,2500.001942424833,0.0,2500.001942424833,False
1979-09-01,2500.0019087375326,0.0,2500.0019087375326,False
1979-10-01,2500.0018756344684,0.0,2500.0018756344684,False
1979-11-01,2500.0018431055078,0.0,2500.0018431055078,False
1979-12-01,2500.001811140695,0.0,2500.001811140695,False
1980-01-01,2500.0017797302453,0.0,2500.0017797302453,False
1980-02-01,2500.001748864544,0.0,2500.001748864544,False
1980-03-01,2500.001718534145,0.0,2500.001718534145,False
1980-04-01,2500.0016887297634,0.0,2500.0016887297634,False
1980-05-01,2500.001659442277,0.0,2500.001659442277,False
1980-06-01,2500.001630662721,0.0,2500.001630662721,False
1980-07-01,2500.001602382286,0.0,2500.001602382286,False
1980-08-01,2500.0015745923165,0.0,2500.0015745923165,False
1980-09-01,2500.001547284307,0.0,2500.001547284307,False
1980-10-01,2500.0015204498973,0.0,2500.0015204498973,False
1980-11-01,2500.0014940808746,0.0,2500.0014940808746,False
1980-12-01,2500.001468169168,0.0,2500.001468169168,False
1981-01-01,2500.0014427068463,0.0,2500.0014427068463,False
1981-02-01,2500.0014176861155,0.0,2500.0014176861155,False
1981-03-01,2500.0013930993164,0.0,2500.0013930993164,False
1981-04-01,2500.0013689389248,0.0,2500.0013689389248,False
1981-05-01,2500.0013451975447,0.0,2500.0013451975447,False
1981-06-01,2500.001321867909,0.0,2500.001321867909,False
1981-07-01,2500.001298942878,0.0,2500.001298942878,False
1981-08-01,2500.001276415433,0.0,2500.001276415433,False
1981-09-01,2500.00125427868,0.0,2500.00125427868,False
1981-10-01,2500.001232525843,0.0,2500.001232525843,False
1981-11-01,2500.0012111502633,0.0,2500.0012111502633,False
1981-12-01,2500.001190145398,0.0,2500.001190145398,False
1982-01-01,2500.0011695048192,0.0,2500.0011695048192,False
1982-02-01,2500.0011492222075,0.0,2500.0011492222075,False
1982-03-01,2500.001129291356,0.0,2500.001129291356,False
1982-04-01,2500.0011097061633,0.0,2500.0011097061633,False
1982-05-01,2500.0010904606347,0.0,2500.0010904606347,False
1982-06-01,2500.0010715488793,0.0,2500.0010715488793,False
1982-07-01,2500.0010529651095,0.0,2500.0010529651095,False
1982-08-01,2500.0010347036364,0.0,2500.0010347036364,False
1982-09-01,2500.00101675887,0.0,2500.00101675887,False
1982-10-01,2500.000999125318,0.0,2500.000999125318,False
1982-11-01,2500.0009817975833,0.0,2500.0009817975833,False
1982-12-01,2500.000964770362,0.0,2500.000964770362,False
1983-01-01,2500.0009480384424,0.0,2500.0009480384424,False
1983-02-01,2500.0009315967027,0.0,2500.0009315967027,False
1983-03-01,2500.000915440111,0.0,2500.000915440111,False
1983-04-01,2500.0008995637213,0.0,2500.0008995637213,False
1983-05-01,2500.0008839626744,0.0,2500.0008839626744,False
1983-06-01,2500.000868632195,0.0,2500.000868632195,False
1983-07-01,2500.000853567591,0.0,2500.000853567591,False
1983-08-01,2500.000838764251,0.0,2500.000838764251,False
1983-09-01,2500.000824217644,0.0,2500.000824217644,False
1983-10-01,2500.000809923317,0.0,2500.000809923317,False
1983-11-01,2500.0007958768956,0.0,2500.0007958768956,False
1983-12-01,2500.00078207408,0.0,2500.00078207408,False
1984-01-01,2500.0007685106452,0.0,2500.0007685106452,False
1984-02-01,2500.00075518244,0.0,2500.00075518244,False
1984-03-01,2500.0007420853844,0.0,2500.0007420853844,False
1984-04-01,2500.0007292154705,0.0,2500.0007292154705,False
1984-05-01,2500.0007165687575,0.0,2500.0007165687575,False
1984-06-01,2500.000704141376,0.0,2500.000704141376,False
1984-07-01,2500.0006919295206,0.0,2500.0006919295206,False
1984-08-01,2500.0006799294542,0.0,2500.0006799294542,False
1984-09-01,2500.000668137505,0.0,2500.000668137505,False
1984-10-01,2500.0006565500616,0.0,2500.0006565500616,False
1984-11-01,2500.0006451635786,0.0,2500.0006451635786,False
1984-12-01,2500.00063397457,0.0,2500.00063397457,False
1985-01-01,2500.000622979611,0.0,2500.000622979611,False
1985-02-01,2500.0006121753368,0.0,2500.0006121753368,False
1985-03-01,2500.000601558441,0.0,2500.000601558441,False
1985-04-01,2500.000591125672,0.0,2500.000591125672,False
1985-05-01,2500.000580873838,0.0,2500.000580873838,False
1985-06-01,2500.0005707998,0.0,2500.0005707998,False
1985-07-01,2500.0005609004756,0.0,2500.0005609004756,False
1985-08-01,2500.0005511728336,0.0,2500.0005511728336,False
1985-09-01,2500.0005416138983,0.0,2500.0005416138983,False
1985-10-01,2500.0005322207417,0.0,2500.0005322207417,False
1985-11-01,2500.00052299049,0.0,2500.00052299049,False
1985-12-01,2500.000513920318,0.0,2500.000513920318,False
1986-01-01,2500.0005050074487,0.0,2500.0005050074487,False
1986-02-01,2500.0004962491544,0.0,2500.0004962491544,False
1986-03-01,2500.0004876427547,0.0,2500.0004876427547,False
1986-04-01,2500.0004791856154,0.0,2500.0004791856154,False
1986-05-01,2500.0004708751467,0.0,2500.0004708751467,False
1986-06-01,2500.0004627088056,0.0,2500.0004627088056,False
1986-07-01,2500.0004546840933,0.0,2500.0004546840933,False
1986-08-01,2500.000446798552,0.0,2500.000446798552,False
1986-09-01,2500.0004390497693,0.0,2500.0004390497693,False
1986-10-01,2500.0004314353732,0.0,2500.0004314353732,False
1986-11-01,2500.000423953032,0.0,2500.000423953032,False
1986-12-01,2500.000416600457,0.0,2500.000416600457,False
1987-01-01,2500.000409375397,0.0,2500.000409375397,False
1987-02-01,2500.00040227564,0.0,2500.00040227564,False
1987-03-01,2500.000395299014,0.0,2500.000395299014,False
1987-04-01,2500.000388443383,0.0,2500.000388443383,False
1987-05-01,2500.0003817066477,0.0,2500.0003817066477,False
1987-06-01,2500.000375086748,0.0,2500.000375086748,False
1987-07-01,2500.000368581656,0.0,2500.000368581656,False
1987-08-01,2500.000362189381,0.0,2500.000362189381,False
1987-09-01,2500.0003559079673,0.0,2500.0003559079673,False
1987-10-01,2500.000349735491,0.0,2500.000349735491,False
1987-11-01,2500.0003436700636,0.0,2500.0003436700636,False
1987-12-01,2500.0003377098283,0.0,2500.0003377098283,False
1988-01-01,2500.0003318529607,0.0,2500.0003318529607,False
1988-02-01,2500.0003260976678,0.0,2500.0003260976678,False
1988-03-01,2500.000320442189,0.0,2500.000320442189,False
1988-04-01,2500.000314884792,0.0,2500.000314884792,False
1988-05-01,2500.000309423777,0.0,2500.000309423777,False
1988-06-01,2500.0003040574716,0.0,2500.0003040574716,False
1988-07-01,2500.000298784233,0.0,2500.000298784233,False
1988-08-01,2500.000293602448,0.0,2500.000293602448,False
1988-09-01,2500.0002885105305,0.0,2500.0002885105305,False
1988-10-01,2500.0002835069213,0.0,2500.0002835069213,False
1988-11-01,2500.0002785900892,0.0,2500.0002785900892,False
1988-12-01,2500.0002737585296,0.0,2500.0002737585296,False
1989-01-01,2500.000269010763,0.0,2500.000269010763,False
1989-02-01,2500.0002643453363,0.0,2500.0002643453363,False
1989-03-01,2500.0002597608222,0.0,2500.0002597608222,False
1989-04-01,2500.0002552558167,0.0,2500.0002552558167,False
1989-05-01,2500.0002508289404,0.0,2500.0002508289404,False
1989-06-01,2500.00024647884,0.0,2500.00024647884,False
1989-07-01,2500.000242204182,0.0,2500.000242204182,False
1989-08-01,2500.0002380036594,0.0,2500.0002380036594,False
1989-09-01,2500.0002338759864,0.0,2500.0002338759864,False
1989-10-01,2500.0002298198983,0.0,2500.0002298198983,False
1989-11-01,2500.000225834155,0.0,2500.000225834155,False
1989-12-01,2500.0002219175362,0.0,2500.0002219175362,False
1990-01-01,2500.000218068843,0.0,2500.000218068843,False
1990-02-01,2500.000214286897,0.0,2500.000214286897,False
1990-03-01,2500.000210570541,0.0,2500.000210570541,False
1990-04-01,2500.0002069186376,0.0,2500.0002069186376,False
1990-05-01,2500.0002033300684,0.0,2500.0002033300684,False
1990-06-01,2500.0001998037355,0.0,2500.0001998037355,False
1990-07-01,2500.00019633856,0.0,2500.00019633856,False
1990-08-01,2500.00019293348,0.0,2500.00019293348,False
1990-09-01,2500.000189587454,0.0,2500.000189587454,False
1990-10-01,2500.000186299458,0.0,2500.000186299458,False
1990-11-01,2500.000183068486,0.0,2500.000183068486,False
1990-12-01,2500.0001798935477,0.0,2500.0001798935477,False
1991-01-01,2500.0001767736717,0.0,2500.0001767736717,False
1991-02-01,2500.000173707904,0.0,2500.000173707904,False
1991-03-01,2500.0001706953053,0.0,2500.0001706953053,False
1991-04-01,2500.000167734954,0.0,2500.000167734954,False
1991-05-01,2500.000164825944,0.0,2500.000164825944,False
1991-06-01,2500.000161967384,0.0,2500.000161967384,False
1991-07-01,2500.0001591584005,0.0,2500.0001591584005,False
1991-08-01,2500.0001563981327,0.0,2500.0001563981327,False
1991-09-01,2500.0001536857358,0.0,2500.0001536857358,False
1991-10-01,2500.0001510203797,0.0,2500.0001510203797,False
1991-11-01,2500.000148401248,0.0,2500.000148401248,False
1991-12-01,2500.0001458275406,0.0,2500.0001458275406,False
1992-01-01,2500.0001432984686,0.0,2500.0001432984686,False
1992-02-01,2500.000140813258,0.0,2500.000140813258,False
1992-03-01,2500.0001383711474,0.0,2500.0001383711474,False
1992-04-01,2500.000135971391,0.0,2500.000135971391,False
1992-05-01,2500.000133613253,0.0,2500.000133613253,False
1992-06-01,2500.000131296012,0.0,2500.000131296012,False
1992-07-01,2500.0001290189584,0.0,2500.0001290189584,False
1992-08-01,2500.000126781396,0.0,2500.000126781396,False
1992-09-01,2500.0001245826393,0.0,2500.0001245826393,False
1992-10-01,2500.000122422015,0.0,2500.000122422015,False
1992-11-01,2500.000120298863,0.0,2500.000120298863,False
1992-12-01,2500.0001182125316,0.0,2500.0001182125316,False
1993-01-01,2500.0001161623836,0.0,2500.0001161623836,False
1993-02-01,2500.0001141477915,0.0,2500.0001141477915,False
1993-03-01,2500.000112168138,0.0,2500.000112168138,False
1993-04-01,2500.0001102228175,0.0,2500.0001102228175,False
1993-05-01,2500.000108311234,0.0,2500.000108311234,False
1993-06-01,2500.000106432803,0.0,2500.000106432803,False
1993-07-01,2500.0001045869503,0.0,2500.0001045869503,False
1993-08-01,2500.000102773109,0.0,2500.000102773109,False
1993-09-01,2500.000100990726,0.0,2500.000100990726,False
1993-10-01,2500.0000992392543,0.0,2500.0000992392543,False
1993-11-01,2500.000097518158,0.0,2500.000097518158,False
1993-12-01,2500.00009582691,0.0,2500.00009582691,False
1994-01-01,2500.000094164994,0.0,2500.000094164994,False
1994-02-01,2500.0000925319,0.0,2500.0000925319,False
1994-03-01,2500.000090927129,0.0,2500.000090927129,False
1994-04-01,2500.000089350189,0.0,2500.000089350189,False
1994-05-01,2500.000087800598,0.0,2500.000087800598,False
1994-06-01,2500.000086277881,0.0,2500.000086277881,False
1994-07-01,2500.0000847815722,0.0,2500.0000847815722,False
1994-08-01,2500.0000833112144,0.0,2500.0000833112144,False
1994-09-01,2500.0000818663566,0.0,2500.0000818663566,False
1994-10-01,2500.0000804465562,0.0,2500.0000804465562,False
1994-11-01,2500.0000790513805,0.0,2500.0000790513805,False
1994-12-01,2500.0000776804004,0.0,2500.0000776804004,False
1995-01-01,2500.000076333197,0.0,2500.000076333197,False
1995-02-01,2500.000075009358,0.0,2500.000075009358,False
1995-03-01,2500.000073708479,0.0,2500.000073708479,False
1995-04-01,2500.0000724301594,0.0,2500.0000724301594,False
1995-05-01,2500.0000711740113,0.0,2500.0000711740113,False
1995-06-01,2500.0000699396473,0.0,2500.0000699396473,False
1995-07-01,2500.000068726691,0.0,2500.000068726691,False
1995-08-01,2500.0000675347715,0.0,2500.0000675347715,False
1995-09-01,2500.0000663635224,0.0,2500.0000663635224,False
1995-10-01,2500.000065212587,0.0,2500.000065212587,False
1995-11-01,2500.0000640816115,0.0,2500.0000640816115,False
1995-12-01,2500.0000629702504,0.0,2500.0000629702504,False
1996-01-01,2500.0000618781637,0.0,2500.0000618781637,False
1996-02-01,2500.0000608050173,0.0,2500.0000608050173,False
1996-03-01,2500.0000597504823,0.0,2500.0000597504823,False
1996-04-01,2500.000058714236,0.0,2500.000058714236,False
1996-05-01,2500.000057695961,0.0,2500.000057695961,False
1996-06-01,2500.0000566953454,0.0,2500.0000566953454,False
1996-07-01,2500.0000557120843,0.0,2500.0000557120843,False
1996-08-01,2500.0000547458753,0.0,2500.0000547458753,False
1996-09-01,2500.000053796423,0.0,2500.000053796423,False
1996-10-01,2500.0000528634373,0.0,2500.0000528634373,False
1996-11-01,2500.000051946632,0.0,2500.000051946632,False
1996-12-01,2500.0000510457267,0.0,2500.0000510457267,False
1997-01-01,2500.000050160446,0.0,2500.000050160446,False
1997-02-01,2500.0000492905187,0.0,2500.0000492905187,False
1997-03-01,2500.0000484356783,0.0,2500.0000484356783,False
1997-04-01,2500.000047595663,0.0,2500.000047595663,False
1997-05-01,2500.0000467702166,0.0,2500.0000467702166,False
1997-06-01,2500.000045959085,0.0,2500.000045959085,False
1997-07-01,2500.0000451620217,0.0,2500.0000451620217,False
1997-08-01,2500.0000443787812,0.0,2500.0000443787812,False
1997-09-01,2500.0000436091245,0.0,2500.0000436091245,False
1997-10-01,2500.000042852816,0.0,2500.000042852816,False
1997-11-01,2500.000042109624,0.0,2500.000042109624,False
1997-12-01,2500.0000413793214,0.0,2500.0000413793214,False
1998-01-01,2500.0000406616837,0.0,2500.0000406616837,False
1998-02-01,2500.0000399564924,0.0,2500.0000399564924,False
1998-03-01,2500.000039263531,0.0,2500.000039263531,False
1998-04-01,2500.0000385825874,0.0,2500.0000385825874,False
1998-05-01,2500.000037913454,0.0,2500.000037913454,False
1998-06-01,2500.000037255925,0.0,2500.000037255925,False
1998-07-01,2500.0000366097993,0.0,2500.0000366097993,False
1998-08-01,2500.000035974879,0.0,2500.000035974879,False
1998-09-01,2500.00003535097,0.0,2500.00003535097,False
1998-10-01,2500.000034737882,0.0,2500.000034737882,False
1998-11-01,2500.0000341354266,0.0,2500.0000341354266,False
1998-12-01,2500.0000335434192,0.0,2500.0000335434192,False
1999-01-01,2500.000032961679,0.0,2500.000032961679,False
1999-02-01,2500.000032390028,0.0,2500.000032390028,False
1999-03-01,2500.0000318282914,0.0,2500.0000318282914,False
1999-04-01,2500.0000312762963,0.0,2500.0000312762963,False
1999-05-01,2500.000030733875,0.0,2500.000030733875,False
1999-06-01,2500.0000302008607,0.0,2500.0000302008607,False
1999-07-01,2500.0000296770904,0.0,2500.0000296770904,False
1999-08-01,2500.0000291624037,0.0,2500.0000291624037,False
1999-09-01,2500.0000286566424,0.0,2500.0000286566424,False
1999-10-01,2500.0000281596535,0.0,2500.0000281596535,False
1999-11-01,2500.0000276712835,0.0,2500.0000276712835,False
1999-12-01,2500.0000271913837,0.0,2500.0000271913837,False
2000-01-01,2500.0000267198066,0.0,2500.0000267198066,False
2000-02-01,2500.000026256407,0.0,2500.000026256407,False
2000-03-01,2500.000025801045,0.0,2500.000025801045,False
2000-04-01,2500.00002535358,0.0,2500.00002535358,False
2000-05-01,2500.0000249138757,0.0,2500.0000249138757,False
2000-06-01,2500.0000244817966,0.0,2500.0000244817966,False
2000-07-01,2500.0000240572112,0.0,2500.0000240572112,False
2000-08-01,2500.0000236399896,0.0,2500.0000236399896,False
2000-09-01,2500.0000232300035,0.0,2500.0000232300035,False
2000-10-01,2500.0000228271283,0.0,2500.0000228271283,False
2000-11-01,2500.00002243124,0.0,2500.00002243124,False
2000-12-01,2500.000022042217,0.0,2500.000022042217,False
2001-01-01,2500.000021659941,0.0,2500.000021659941,False
2001-02-01,2500.0000212842947,0.0,2500.0000212842947,False
2001-03-01,2500.0000209151635,0.0,2500.0000209151635,False
2001-04-01,2500.000020552434,0.0,2500.000020552434,False
2001-05-01,2500.000020195995,0.0,2500.000020195995,False
2001-06-01,2500.0000198457383,0.0,2500.0000198457383,False
2001-07-01,2500.0000195015555,0.0,2500.0000195015555,False
2001-08-01,2500.000019163342,0.0,2500.000019163342,False
2001-09-01,2500.0000188309946,0.0,2500.0000188309946,False
2001-10-01,2500.0000185044105,0.0,2500.0000185044105,False
2001-11-01,2500.0000181834903,0.0,2500.0000181834903,False
2001-12-01,2500.0000178681357,0.0,2500.0000178681357,False
2002-01-01,2500.0000175582504,0.0,2500.0000175582504,False
2002-02-01,2500.0000172537398,0.0,2500.0000172537398,False
2002-03-01,2500.0000169545096,0.0,2500.0000169545096,False
2002-04-01,2500.000016660469,0.0,2500.000016660469,False
2002-05-01,2500.0000163715285,0.0,2500.0000163715285,False
2002-06-01,2500.0000160875993,0.0,2500.0000160875993,False
2002-07-01,2500.000015808593,0.0,2500.000015808593,False
2002-08-01,2500.0000155344264,0.0,2500.0000155344264,False
2002-09-01,2500.0000152650146,0.0,2500.0000152650146,False
2002-10-01,2500.0000150002747,0.0,2500.0000150002747,False
2002-11-01,2500.000014740127,0.0,2500.000014740127,False
2002-12-01,2500.0000144844903,0.0,2500.0000144844903,False
2003-01-01,2500.0000142332874,0.0,2500.0000142332874,False
2003-02-01,2500.0000139864405,0.0,2500.0000139864405,False
2003-03-01,2500.0000137438756,0.0,2500.0000137438756,False
2003-04-01,2500.0000135055166,0.0,2500.0000135055166,False
2003-05-01,2500.000013271292,0.0,2500.000013271292,False
2003-06-01,2500.000013041129,0.0,2500.000013041129,False
2003-07-01,2500.0000128149586,0.0,2500.0000128149586,False
2003-08-01,2500.00001259271,0.0,2500.00001259271,False
2003-09-01,2500.0000123743157,0.0,2500.0000123743157,False
2003-10-01,2500.000012159709,0.0,2500.000012159709,False
2003-11-01,2500.000011948825,0.0,2500.000011948825,False
2003-12-01,2500.0000117415975,0.0,2500.0000117415975,False
2004-01-01,2500.000011537964,0.0,2500.000011537964,False
2004-02-01,2500.0000113378624,0.0,2500.0000113378624,False
2004-03-01,2500.0000111412314,0.0,2500.0000111412314,False
2004-04-01,2500.00001094801,0.0,2500.00001094801,False
2004-05-01,2500.00001075814,0.0,2500.00001075814,False
2004-06-01,2500.000010571562,0.0,2500.000010571562,False
2004-07-01,2500.0000103882207,0.0,2500.0000103882207,False
2004-08-01,2500.000010208059,0.0,2500.000010208059,False
2004-09-01,2500.0000100310212,0.0,2500.0000100310212,False
2004-10-01,2500.000009857055,0.0,2500.000009857055,False
2004-11-01,2500.000009686105,0.0,2500.000009686105,False
2004-12-01,2500.00000951812,0.0,2500.00000951812,False
2005-01-01,2500.0000093530475,0.0,2500.0000093530475,False
2005-02-01,2500.0000091908387,0.0,2500.0000091908387,False
2005-03-01,2500.000009031443,0.0,2500.000009031443,False
2005-04-01,2500.000008874812,0.0,2500.000008874812,False
2005-05-01,2500.000008720897,0.0,2500.000008720897,False
2005-06-01,2500.0000085696515,0.0,2500.0000085696515,False
2005-07-01,2500.0000084210287,0.0,2500.0000084210287,False
2005-08-01,2500.0000082749834,0.0,2500.0000082749834,False
2005-09-01,2500.0000081314715,0.0,2500.0000081314715,False
2005-10-01,2500.000007990448,0.0,2500.000007990448,False
2005-11-01,2500.0000078518706,0.0,2500.0000078518706,False
2005-12-01,2500.0000077156965,0.0,2500.0000077156965,False
2006-01-01,2500.000007581884,0.0,2500.000007581884,False
2006-02-01,2500.000007450392,0.0,2500.000007450392,False
2006-03-01,2500.0000073211804,0.0,2500.0000073211804,False
2006-04-01,2500.0000071942104,0.0,2500.0000071942104,False
2006-05-01,2500.000007069442,0.0,2500.000007069442,False
2006-06-01,2500.000006946837,0.0,2500.000006946837,False
2006-07-01,2500.000006826359,0.0,2500.000006826359,False
2006-08-01,2500.00000670797,0.0,2500.00000670797,False
2006-09-01,2500.0000065916342,0.0,2500.0000065916342,False
2006-10-01,2500.000006477316,0.0,2500.000006477316,False
2006-11-01,2500.000006364981,0.0,2500.000006364981,False
2006-12-01,2500.0000062545937,0.0,2500.0000062545937,False
2007-01-01,2500.000006146121,0.0,2500.000006146121,False
2007-02-01,2500.0000060395296,0.0,2500.0000060395296,False
2007-03-01,2500.0000059347867,0.0,2500.0000059347867,False
2007-04-01,2500.00000583186,0.0,2500.00000583186,False
2007-05-01,2500.000005730719,0.0,2500.000005730719,False
2007-06-01,2500.0000056313315,0.0,2500.0000056313315,False
2007-07-01,2500.0000055336677,0.0,2500.0000055336677,False
2007-08-01,2500.0000054376983,0.0,2500.0000054376983,False
2007-09-01,2500.0000053433923,0.0,2500.0000053433923,False
2007-10-01,2500.0000052507226,0.0,2500.0000052507226,False
2007-11-01,2500.00000515966,0.0,2500.00000515966,False
2007-12-01,2500.0000050701765,0.0,2500.0000050701765,False
2008-01-01,2500.0000049822447,0.0,2500.0000049822447,False
2008-02-01,2500.000004895838,0.0,2500.000004895838,False
2008-03-01,2500.0000048109305,0.0,2500.0000048109305,False
2008-04-01,2500.0000047274953,0.0,2500.0000047274953,False
2008-05-01,2500.000004645506,0.0,2500.000004645506,False
2008-06-01,2500.0000045649404,0.0,2500.0000045649404,False
2008-07-01,2500.0000044857707,0.0,2500.0000044857707,False
2008-08-01,2500.0000044079743,0.0,2500.0000044079743,False
2008-09-01,2500.0000043315276,0.0,2500.0000043315276,False
2008-10-01,2500.0000042564056,0.0,2500.0000042564056,False
2008-11-01,2500.0000041825874,0.0,2500.0000041825874,False
2008-12-01,2500.0000041100493,0.0,2500.0000041100493,False
2009-01-01,2500.0000040387695,0.0,2500.0000040387695,False
2009-02-01,2500.0000039687257,0.0,2500.0000039687257,False
2009-03-01,2500.0000038998965,0.0,2500.0000038998965,False
2009-04-01,2500.000003832261,0.0,2500.000003832261,False
2009-05-01,2500.0000037657983,0.0,2500.0000037657983,False
2009-06-01,2500.0000037004884,0.0,2500.0000037004884,False
2009-07-01,2500.000003636311,0.0,2500.000003636311,False
2009-08-01,2500.0000035732473,0.0,2500.0000035732473,False
2009-09-01,2500.000003511276,0.0,2500.000003511276,False
2009-10-01,2500.000003450381,0.0,2500.000003450381,False
2009-11-01,2500.000003390541,0.0,2500.000003390541,False
2009-12-01,2500.0000033317397,0.0,2500.0000033317397,False
2010-01-01,2500.000003273957,0.0,2500.000003273957,False
2010-02-01,2500.0000032171774,0.0,2500.0000032171774,False
2010-03-01,2500.000003161382,0.0,2500.000003161382,False
2010-04-01,2500.0000031065547,0.0,2500.0000031065547,False
2010-05-01,2500.000003052678,0.0,2500.000003052678,False
2010-06-01,2500.000002999736,0.0,2500.000002999736,False
2010-07-01,2500.0000029477114,0.0,2500.0000029477114,False
2010-08-01,2500.00000289659,0.0,2500.00000289659,False
2010-09-01,2500.0000028463546,0.0,2500.0000028463546,False
2010-10-01,2500.0000027969904,0.0,2500.0000027969904,False
2010-11-01,2500.000002748483,0.0,2500.000002748483,False
2010-12-01,2500.0000027008164,0.0,2500.0000027008164,False
2011-01-01,2500.000002653976,0.0,2500.000002653976,False
2011-02-01,2500.0000026079483,0.0,2500.0000026079483,False
2011-03-01,2500.000002562719,0.0,2500.000002562719,False
2011-04-01,2500.000002518274,0.0,2500.000002518274,False
2011-05-01,2500.0000024745996,0.0,2500.0000024745996,False
2011-06-01,2500.0000024316832,0.0,2500.0000024316832,False
2011-07-01,2500.000002389511,0.0,2500.000002389511,False
2011-08-01,2500.0000023480698,0.0,2500.0000023480698,False
2011-09-01,2500.0000023073476,0.0,2500.0000023073476,False
2011-10-01,2500.000002267331,0.0,2500.000002267331,False
2011-11-01,2500.000002228009,0.0,2500.000002228009,False
2011-12-01,2500.0000021893693,0.0,2500.0000021893693,False
2012-01-01,2500.000002151399,0.0,2500.000002151399,False
2012-02-01,2500.0000021140877,0.0,2500.0000021140877,False
2012-03-01,2500.000002077423,0.0,2500.000002077423,False
2012-04-01,2500.000002041395,0.0,2500.000002041395,False
2012-05-01,2500.0000020059906,0.0,2500.0000020059906,False
2012-06-01,2500.0000019712015,0.0,2500.0000019712015,False
2012-07-01,2500.0000019370145,758.5799980645733,3258.580000001588,True
2012-08-01,2500.0000019034214,740.7499980899648,3240.749999993386,True
2012-09-01,2500.0000018704104,740.7499981531201,3240.7500000235304,True
2012-10-01,2500.0000018379724,789.7799981306895,3289.7799999686617,True
2012-11-01,2500.000001806097,731.8299981886485,3231.8299999947453,True
2012-12-01,2500.000001774774,660.5099982125241,3160.509999987298,True
2013-01-01,2500.000001743994,606.4899982872254,3106.490000031219,True
2013-02-01,2500.0000017137477,646.259998271981,3146.2599999857284,True
2013-03-01,2500.0000016840263,641.8399983605834,3141.84000004461,True
2013-04-01,2500.0000016548206,761.1499983122009,3261.1499999670214,True
2013-05-01,2500.0000016261215,743.4699983634432,3243.4699999895647,True
2013-06-01,2500.0000015979194,721.3799984125793,3221.380000010499,True
2013-07-01,2500.000001570207,672.7699984443748,3172.770000014582,True
2013-08-01,2500.000001542975,690.4499984436134,3190.4499999865884,True
2013-09-01,2500.0000015162154,703.6999984815398,3203.699999997755,True
2013-10-01,2500.00000148992,681.6099985073774,3181.6099999972976,True
2013-11-01,2500.00000146408,646.2599985428471,3146.260000006927,True
2013-12-01,2500.000001438689,637.4199985542045,3137.4199999928937,True
2014-01-01,2500.000001413738,664.1999985806468,3164.199999994385,True
2014-02-01,2500.0000013892195,664.1999986127231,3164.2000000019425,True
2014-03-01,2500.0000013651265,673.0899986389686,3173.090000004095,True
2014-04-01,2500.0000013414515,673.0899986674196,3173.0900000088714,True
2014-05-01,2500.0000013181866,673.0899986876568,3173.0900000058436,True
2014-06-01,2500.000001295326,721.9699986988387,3221.969999994165,True
2014-07-01,2500.000001272861,690.8599987364056,3190.8600000092665,True
2014-08-01,2500.0000012507858,708.6399987357964,3208.639999986582,True
2014-09-01,2500.000001229094,721.9699987685971,3221.969999997691,True
2014-10-01,2500.000001207777,699.7499988003588,3199.750000008136,True
2014-11-01,2500.0000011868315,699.7499988160691,3199.7500000029004,True
2014-12-01,2500.0000011662482,713.0799988215531,3213.0799999878013,True
2015-01-01,2500.000001146022,745.3599988493988,3245.359999995421,True
2015-02-01,2500.0000011261463,754.2499988635741,3254.2499999897204,True
2015-03-01,2500.000001106616,732.0199989097046,3232.0200000163204,True
2015-04-01,2500.000001087424,740.9199989146531,3240.9200000020774,True
2015-05-01,2500.000001068565,727.5799989400034,3227.5800000085683,True
2015-06-01,2500.000001050033,772.0399989631326,3272.040000013166,True
2015-07-01,2500.000001031822,798.7099989557216,3298.7099999875436,True
2015-08-01,2500.000001013928,803.1599989903082,3303.1600000042363,True
2015-09-01,2500.0000009963433,860.9499989972694,3360.9499999936124,True
2015-10-01,2500.0000009790638,869.8399990290753,3369.840000008139,True
2015-11-01,2500.0000009620835,900.9599990435358,3400.9600000056193,True
2015-12-01,2500.0000009453984,954.3099990335502,3454.3099999789483,True
2016-01-01,2500.0000009290025,997.6299990630735,3497.6299999920757,True
2016-02-01,2500.000000912891,1006.6099991096535,3506.6100000225447,True
2016-03-01,2500.0000008970587,1091.9199991262115,3591.9200000232704,True
2016-04-01,2500.0000008815014,1231.1099990766202,3731.1099999581215,True
2016-05-01,2500.0000008662137,1204.1699991576165,3704.17000002383,True
2016-06-01,2500.0000008511906,1284.9899991468353,3784.989999998026,True
2016-07-01,2500.0000008364286,1298.4599991455586,3798.4599999819875,True
2016-08-01,2500.000000821922,1271.5199991934487,3771.520000015371,True
2016-09-01,2500.000000807668,1334.3699991707135,3834.3699999783817,True
2016-10-01,2500.0000007936605,1298.4599992186572,3798.460000012318,True
2016-11-01,2500.0000007798967,1298.4599992340163,3798.460000013913,True
2016-12-01,2500.0000007663707,1347.8399992647237,3847.8400000310944,True
2017-01-01,2500.00000075308,1557.8899992062602,4057.88999995934,True
2017-02-01,2500.000000740019,1626.439999270373,4126.440000010392,True
2017-03-01,2500.0000007271847,1731.5399992670648,4231.539999994249,True
2017-04-01,2500.0000007145736,1795.5199993096512,4295.520000024225,True
2017-05-01,2500.0000007021804,1909.7599992901273,4409.759999992308,True
2017-06-01,2500.0000006900027,2028.5699993048675,4528.56999999487,True
2017-07-01,2500.0000006780365,2069.6999993274603,4569.700000005497,True
2017-08-01,2500.000000666277,2147.379999302123,4647.3799999684,True
2017-09-01,2500.0000006547216,2161.08999936081,4661.090000015532,True
2017-10-01,2500.000000643367,2197.649999355189,4697.649999998555,True
2017-11-01,2500.0000006322093,2225.0699993624307,4725.06999999464,True
2017-12-01,2500.000000621245,2238.779999386189,4738.780000007434,True
2018-01-01,2500.000000610471,2335.709999392342,4835.710000002813,True
2018-02-01,2500.0000005998836,2433.4499993851264,4933.44999998501,True
2018-03-01,2500.00000058948,2484.649999411643,4984.650000001123,True
2018-04-01,2500.0000005792563,2517.2299994352998,5017.230000014556,True
2018-05-01,2500.0000005692104,2568.4199994145956,5068.419999983806,True
2018-06-01,2500.000000559339,2596.3499994478857,5096.3500000072245,True
2018-07-01,2500.000000549638,2587.0399994503814,5087.040000000019,True
2018-08-01,2500.000000540106,2596.3499994748495,5096.350000014956,True
2018-09-01,2500.000000530739,2694.089999452219,5194.089999982958,True
2018-10-01,2500.0000005215343,2708.0499994755496,5208.049999997083,True
2018-11-01,2500.0000005124894,2708.0499994778074,5208.049999990297,True
2018-12-01,2500.0000005036013,2680.119999499443,5180.120000003044,True
2019-01-01,2500.0000004948674,2721.0399994951986,5221.039999990066,True
2019-02-01,2500.000000486285,2721.039999512942,5221.039999999227,True
2019-03-01,2500.0000004778512,2721.0399995260605,5221.040000003912,True
2019-04-01,2500.0000004695644,2711.5499995364044,5211.550000005969,True
2019-05-01,2500.0000004614203,2692.5599995120947,5192.559999973515,True
2019-06-01,2500.000000453418,2616.6199995927304,5116.620000046149,True
2019-07-01,2500.0000004455546,2630.8599995560257,5130.86000000158,True
2019-08-01,2500.0000004378276,2668.829999548663,5168.82999998649,True
2019-09-01,2500.000000430234,2702.0499995725186,5202.050000002753,True
2019-10-01,2500.0000004227722,2716.289999595976,5216.290000018748,True
2019-11-01,2500.0000004154404,2787.4899995703377,5287.489999985778,True
2019-12-01,2500.0000004082353,2815.969999594391,5315.970000002626,True
2020-01-01,2500.000000401156,2911.929999603124,5411.93000000428,True
2020-02-01,2500.000000394198,3013.4999996153692,5513.500000009568,True
2020-03-01,2500.000000387362,3148.919999598762,5648.919999986124,True
2020-04-01,2500.000000380644,3216.619999591294,5716.619999971937,True
2020-05-01,2500.0000003740424,3163.4199996257344,5663.419999999776,True
2020-06-01,2500.0000003675555,3139.2399996628633,5639.240000030419,True
2020-07-01,2500.000000361181,3153.749999658268,5653.750000019449,True
2020-08-01,2500.000000354917,3250.4799996138154,5750.479999968733,True
2020-09-01,2500.0000003487617,3284.3299996597925,5784.330000008555,True
2020-10-01,2500.0000003427135,3318.189999660109,5818.190000002823,True
2020-11-01,2500.0000003367695,3356.8799996487614,5856.879999985531,True
2020-12-01,2500.000000330929,3352.0399996929277,5852.040000023857,True
2021-01-01,2500.00000032519,3484.1799996460313,5984.179999971221,True
2021-02-01,2500.00000031955,3513.709999697716,6013.710000017266,True
2021-03-01,2500.000000314008,3602.28999970483,6102.290000018838,True
2021-04-01,2500.000000308562,3730.2399996912877,6230.23999999985,True
2021-05-01,2500.000000303211,3828.659999687704,6328.659999990915,True
2021-06-01,2500.0000002979523,3927.089999719142,6427.090000017094,True
2021-07-01,2500.0000002927854,4020.5899996774924,6520.589999970278,True
2021-08-01,2500.0000002877073,4035.349999688211,6535.349999975919,True
2021-09-01,2500.000000282718,4010.749999755899,6510.750000038617,True
2021-10-01,2500.0000002778147,4084.569999741572,6584.5700000193865,True
2021-11-01,2500.000000272996,4217.439999715309,6717.439999988304,True
2021-12-01,2500.000000268262,4315.859999698247,6815.859999966508,True
2022-01-01,2500.0000002636093,4363.529999765064,6863.530000028673,True
2022-02-01,2500.0000002590377,4496.659999749228,6996.660000008265,True
2022-03-01,2500.0000002545453,4659.379999716111,7159.379999970657,True
2022-04-01,2500.0000002501306,4703.74999976326,7203.750000013391,True
2022-05-01,2500.0000002457928,4762.91999975717,7262.920000002963,True
2022-06-01,2500.00000024153,4861.53999974393,7361.53999998546,True
2022-07-01,2500.000000237341,4851.669999719337,7351.669999956678,True
2022-08-01,2500.000000233225,4718.539999775808,7218.540000009032,True
2022-09-01,2500.0000002291804,4654.449999806478,7154.450000035658,True
2022-10-01,2500.000000225206,4679.099999756561,7179.099999981767,True
2022-11-01,2500.0000002212996,4639.649999797113,7139.650000018413,True
2022-12-01,2500.0000002174615,4664.309999751182,7164.309999968644,True
2023-01-01,2500.0000002136903,4645.1999998264555,7145.200000040146,True
2023-02-01,2500.000000209984,4749.109999786221,7249.109999996205,True
2023-03-01,2500.0000002063425,4843.129999765701,7343.129999972043,True
2023-04-01,2500.000000202764,4823.339999842383,7323.3400000451475,True
2023-05-01,2500.0000001992476,4922.299999755388,7422.2999999546355,True
2023-06-01,2500.0000001957924,4902.5099997744355,7402.509999970228,True
2023-07-01,2500.0000001923963,4724.369999859378,7224.370000051775,True
2023-08-01,2500.0000001890594,4734.269999839696,7234.270000028755,True
2023-09-01,2500.0000001857807,4877.76999981219,7377.76999999797,True
2023-10-01,2500.000000182559,4986.629999791582,7486.62999997414,True
2023-11-01,2500.000000179393,5006.419999810366,7506.419999989759,True
2023-12-01,2500.000000176282,4996.519999892733,7496.520000069015,True
2024-01-01,2500.0000001732246,5271.419999790962,7771.419999964186,True
2024-02-01,2500.00000017022,5420.679999816846,7920.679999987066,True
2024-03-01,2500.0000001672684,5530.129999827388,8030.129999994657,True
2024-04-01,2500.000000164367,5599.789999838424,8099.790000002791,True
2024-05-01,2500.0000001615163,5649.539999838517,8149.540000000034,True
2024-06-01,2500.0000001587155,5729.149999867481,8229.150000026197,True
2024-07-01,2500.0000001559624,5833.62999982469,8333.629999980652,True
2024-08-01,2500.0000001532576,5893.3299998863595,8393.330000039618,True
2024-09-01,2500.0000001506,6122.189999812358,8622.189999962959,True
2024-10-01,2500.000000147988,6201.799999870075,8701.800000018064,True
2024-11-01,2500.000000145422,6336.129999877724,8836.130000023146,True
2024-12-01,2500.0000001429,6550.069999837951,9050.069999980851,True
2025-01-01,2500.0000001404214,6760.2099998856775,9260.210000026098,True
2025-02-01,2500.000000137986,7047.389999848927,9547.389999986914,True
2025-03-01,2500.0000001355925,7294.259999834283,9794.259999969876,True
2025-04-01,2500.0000001332414,7420.21999985254,9920.219999985782,True
2025-05-01,2500.0000001309304,7470.599999943091,9970.60000007402,True
2025-06-01,2500.00000012866,7793.039999777592,10293.039999906252,True
2025-07-01,2500.0000001264284,7747.6999998925285,10247.700000018956,True
2025-08-01,2500.000000124236,7782.969999897562,10282.970000021798,True
2025-09-01,2500.000000122081,7929.069999841839,10429.06999996392,True
2025-10-01,2500.0000001199637,7929.069999874837,10429.069999994801,True
