,price_per_sqm_smoothed
1900-01-01,8039.204261080372
1900-02-01,8069.579563301563
1900-03-01,8101.970701860822
1900-04-01,8111.590010713799
1900-05-01,8091.658839582415
1900-06-01,8100.986001444691
1900-07-01,8048.913903855125
1900-08-01,8015.662202452694
1900-09-01,8021.3477766386895
1900-10-01,7998.499470617094
1900-11-01,7976.197444583893
1900-12-01,7957.147070941748
1901-01-01,7996.433422783018
1901-02-01,8026.808725004209
1901-03-01,8059.199863563468
1901-04-01,8068.819172416444
1901-05-01,8048.88800128506
1901-06-01,8058.215163147337
1901-07-01,8006.143065557771
1901-08-01,7972.89136415534
1901-09-01,7978.576938341335
1901-10-01,7955.7286323197395
1901-11-01,7933.426606286539
1901-12-01,7914.376232644394
1902-01-01,7953.6625844856635
1902-02-01,7984.037886706855
1902-03-01,8016.429025266114
1902-04-01,8026.04833411909
1902-05-01,8006.117162987706
1902-06-01,8015.444324849983
1902-07-01,7963.372227260416
1902-08-01,7930.120525857986
1902-09-01,7935.806100043981
1902-10-01,7912.957794022385
1902-11-01,7890.655767989185
1902-12-01,7871.60539434704
1903-01-01,7910.891746188309
1903-02-01,7941.267048409501
1903-03-01,7973.65818696876
1903-04-01,7983.277495821736
1903-05-01,7963.346324690352
1903-06-01,7972.673486552629
1903-07-01,7920.601388963062
1903-08-01,7887.3496875606315
1903-09-01,7893.035261746627
1903-10-01,7870.186955725031
1903-11-01,7847.884929691831
1903-12-01,7828.8345560496855
1904-01-01,7868.120907890955
1904-02-01,7898.496210112146
1904-03-01,7930.887348671406
1904-04-01,7940.506657524382
1904-05-01,7920.575486392998
1904-06-01,7929.9026482552745
1904-07-01,7877.830550665708
1904-08-01,7844.578849263277
1904-09-01,7850.264423449273
1904-10-01,7827.416117427677
1904-11-01,7805.114091394476
1904-12-01,7786.063717752331
1905-01-01,7825.350069593601
1905-02-01,7855.725371814791
1905-03-01,7888.116510374051
1905-04-01,7897.735819227028
1905-05-01,7877.804648095644
1905-06-01,7887.13180995792
1905-07-01,7835.059712368354
1905-08-01,7801.808010965923
1905-09-01,7807.4935851519185
1905-10-01,7784.645279130323
1905-11-01,7762.343253097122
1905-12-01,7743.292879454977
1906-01-01,7782.579231296247
1906-02-01,7812.954533517437
1906-03-01,7845.345672076697
1906-04-01,7854.964980929673
1906-05-01,7835.033809798289
1906-06-01,7844.360971660566
1906-07-01,7792.288874071
1906-08-01,7759.037172668569
1906-09-01,7764.722746854564
1906-10-01,7741.8744408329685
1906-11-01,7719.572414799768
1906-12-01,7700.522041157623
1907-01-01,7739.8083929988925
1907-02-01,7770.183695220083
1907-03-01,7802.574833779343
1907-04-01,7812.194142632319
1907-05-01,7792.262971500935
1907-06-01,7801.590133363212
1907-07-01,7749.518035773645
1907-08-01,7716.266334371215
1907-09-01,7721.95190855721
1907-10-01,7699.103602535614
1907-11-01,7676.801576502414
1907-12-01,7657.751202860269
1908-01-01,7697.037554701538
1908-02-01,7727.412856922729
1908-03-01,7759.803995481989
1908-04-01,7769.423304334965
1908-05-01,7749.492133203581
1908-06-01,7758.819295065858
1908-07-01,7706.747197476291
1908-08-01,7673.4954960738605
1908-09-01,7679.181070259856
1908-10-01,7656.33276423826
1908-11-01,7634.03073820506
1908-12-01,7614.9803645629145
1909-01-01,7654.266716404184
1909-02-01,7684.6420186253745
1909-03-01,7717.033157184635
1909-04-01,7726.652466037611
1909-05-01,7706.721294906227
1909-06-01,7716.0484567685035
1909-07-01,7663.976359178937
1909-08-01,7630.724657776506
1909-09-01,7636.410231962502
1909-10-01,7613.561925940906
1909-11-01,7591.259899907705
1909-12-01,7572.20952626556
1910-01-01,7611.49587810683
1910-02-01,7641.871180328021
1910-03-01,7674.26231888728
1910-04-01,7683.881627740257
1910-05-01,7663.950456608873
1910-06-01,7673.277618471149
1910-07-01,7621.205520881583
1910-08-01,7587.953819479152
1910-09-01,7593.6393936651475
1910-10-01,7570.791087643552
1910-11-01,7548.489061610351
1910-12-01,7529.438687968206
1911-01-01,7568.725039809476
1911-02-01,7599.100342030667
1911-03-01,7631.491480589926
1911-04-01,7641.110789442902
1911-05-01,7621.179618311518
1911-06-01,7630.506780173795
1911-07-01,7578.4346825842285
1911-08-01,7545.182981181798
1911-09-01,7550.868555367793
1911-10-01,7528.0202493461975
1911-11-01,7505.718223312997
1911-12-01,7486.667849670852
1912-01-01,7525.9542015121215
1912-02-01,7556.329503733313
1912-03-01,7588.720642292572
1912-04-01,7598.339951145548
1912-05-01,7578.408780014164
1912-06-01,7587.735941876441
1912-07-01,7535.663844286874
1912-08-01,7502.412142884444
1912-09-01,7508.097717070439
1912-10-01,7485.249411048843
1912-11-01,7462.947385015643
1912-12-01,7443.897011373498
1913-01-01,7483.183363214767
1913-02-01,7513.558665435959
1913-03-01,7545.949803995218
1913-04-01,7555.569112848194
1913-05-01,7535.63794171681
1913-06-01,7544.965103579087
1913-07-01,7492.89300598952
1913-08-01,7459.6413045870895
1913-09-01,7465.326878773085
1913-10-01,7442.478572751489
1913-11-01,7420.176546718289
1913-12-01,7401.1261730761435
1914-01-01,7440.412524917413
1914-02-01,7470.7878271386035
1914-03-01,7503.1789656978635
1914-04-01,7512.79827455084
1914-05-01,7492.867103419456
1914-06-01,7502.194265281732
1914-07-01,7450.122167692166
1914-08-01,7416.870466289735
1914-09-01,7422.556040475731
1914-10-01,7399.707734454135
1914-11-01,7377.405708420934
1914-12-01,7358.355334778789
1915-01-01,7397.641686620059
1915-02-01,7428.016988841249
1915-03-01,7460.408127400509
1915-04-01,7470.027436253486
1915-05-01,7450.096265122102
1915-06-01,7459.423426984378
1915-07-01,7407.351329394812
1915-08-01,7374.099627992381
1915-09-01,7379.7852021783765
1915-10-01,7356.936896156781
1915-11-01,7334.63487012358
1915-12-01,7315.584496481435
1916-01-01,7354.870848322705
1916-02-01,7385.246150543895
1916-03-01,7417.637289103155
1916-04-01,7427.256597956131
1916-05-01,7407.325426824747
1916-06-01,7416.652588687024
1916-07-01,7364.5804910974575
1916-08-01,7331.328789695027
1916-09-01,7337.014363881022
1916-10-01,7314.1660578594265
1916-11-01,7291.864031826226
1916-12-01,7272.813658184081
1917-01-01,7312.1000100253505
1917-02-01,7342.475312246541
1917-03-01,7374.866450805801
1917-04-01,7384.485759658777
1917-05-01,7364.554588527393
1917-06-01,7373.88175038967
1917-07-01,7321.809652800103
1917-08-01,7288.557951397673
1917-09-01,7294.243525583668
1917-10-01,7271.395219562072
1917-11-01,7249.093193528872
1917-12-01,7230.042819886727
1918-01-01,7269.329171727996
1918-02-01,7299.704473949187
1918-03-01,7332.095612508447
1918-04-01,7341.714921361423
1918-05-01,7321.783750230039
1918-06-01,7331.110912092316
1918-07-01,7279.038814502749
1918-08-01,7245.7871131003185
1918-09-01,7251.472687286314
1918-10-01,7228.624381264718
1918-11-01,7206.322355231518
1918-12-01,7187.271981589372
1919-01-01,7226.558333430642
1919-02-01,7256.933635651832
1919-03-01,7289.3247742110925
1919-04-01,7298.944083064069
1919-05-01,7279.012911932685
1919-06-01,7288.340073794961
1919-07-01,7236.267976205395
1919-08-01,7203.016274802964
1919-09-01,7208.70184898896
1919-10-01,7185.853542967364
1919-11-01,7163.551516934163
1919-12-01,7144.501143292018
1920-01-01,7183.787495133288
1920-02-01,7214.162797354478
1920-03-01,7246.553935913738
1920-04-01,7256.173244766715
1920-05-01,7236.242073635331
1920-06-01,7245.569235497607
1920-07-01,7193.497137908041
1920-08-01,7160.24543650561
1920-09-01,7165.9310106916055
1920-10-01,7143.08270467001
1920-11-01,7120.780678636809
1920-12-01,7101.730304994664
1921-01-01,7141.016656835934
1921-02-01,7171.391959057124
1921-03-01,7203.783097616384
1921-04-01,7213.40240646936
1921-05-01,7193.471235337976
1921-06-01,7202.798397200253
1921-07-01,7150.7262996106865
1921-08-01,7117.474598208256
1921-09-01,7123.160172394251
1921-10-01,7100.3118663726555
1921-11-01,7078.009840339455
1921-12-01,7058.95946669731
1922-01-01,7098.245818538579
1922-02-01,7128.62112075977
1922-03-01,7161.01225931903
1922-04-01,7170.631568172006
1922-05-01,7150.700397040622
1922-06-01,7160.027558902899
1922-07-01,7107.955461313332
1922-08-01,7074.703759910902
1922-09-01,7080.389334096897
1922-10-01,7057.541028075301
1922-11-01,7035.239002042101
1922-12-01,7016.188628399956
1923-01-01,7055.474980241225
1923-02-01,7085.850282462416
1923-03-01,7118.241421021676
1923-04-01,7127.860729874652
1923-05-01,7107.929558743268
1923-06-01,7117.256720605545
1923-07-01,7065.184623015978
1923-08-01,7031.9329216135475
1923-09-01,7037.618495799543
1923-10-01,7014.770189777947
1923-11-01,6992.468163744747
1923-12-01,6973.417790102601
1924-01-01,7012.704141943871
1924-02-01,7043.079444165061
1924-03-01,7075.4705827243215
1924-04-01,7085.089891577298
1924-05-01,7065.158720445914
1924-06-01,7074.48588230819
1924-07-01,7022.413784718624
1924-08-01,6989.162083316193
1924-09-01,6994.847657502189
1924-10-01,6971.999351480593
1924-11-01,6949.697325447392
1924-12-01,6930.646951805247
1925-01-01,6969.933303646517
1925-02-01,7000.308605867707
1925-03-01,7032.699744426967
1925-04-01,7042.319053279944
1925-05-01,7022.38788214856
1925-06-01,7031.715044010836
1925-07-01,6979.64294642127
1925-08-01,6946.391245018839
1925-09-01,6952.0768192048345
1925-10-01,6929.228513183239
1925-11-01,6906.926487150038
1925-12-01,6887.876113507893
1926-01-01,6927.162465349163
1926-02-01,6957.537767570353
1926-03-01,6989.928906129613
1926-04-01,6999.548214982589
1926-05-01,6979.617043851205
1926-06-01,6988.944205713482
1926-07-01,6936.8721081239155
1926-08-01,6903.620406721485
1926-09-01,6909.30598090748
1926-10-01,6886.457674885884
1926-11-01,6864.155648852684
1926-12-01,6845.105275210539
1927-01-01,6884.391627051808
1927-02-01,6914.766929272999
1927-03-01,6947.158067832259
1927-04-01,6956.777376685235
1927-05-01,6936.846205553851
1927-06-01,6946.173367416128
1927-07-01,6894.101269826561
1927-08-01,6860.849568424131
1927-09-01,6866.535142610126
1927-10-01,6843.68683658853
1927-11-01,6821.38481055533
1927-12-01,6802.334436913185
1928-01-01,6841.620788754454
1928-02-01,6871.996090975645
1928-03-01,6904.387229534905
1928-04-01,6914.006538387881
1928-05-01,6894.075367256498
1928-06-01,6903.402529118774
1928-07-01,6851.330431529207
1928-08-01,6818.0787301267765
1928-09-01,6823.764304312772
1928-10-01,6800.915998291176
1928-11-01,6778.613972257976
1928-12-01,6759.56359861583
1929-01-01,6798.8499504571
1929-02-01,6829.22525267829
1929-03-01,6861.6163912375505
1929-04-01,6871.235700090527
1929-05-01,6851.304528959144
1929-06-01,6860.6316908214185
1929-07-01,6808.559593231853
1929-08-01,6775.307891829422
1929-09-01,6780.993466015418
1929-10-01,6758.145159993822
1929-11-01,6735.843133960621
1929-12-01,6716.792760318476
1930-01-01,6756.079112159746
1930-02-01,6786.454414380936
1930-03-01,6818.845552940196
1930-04-01,6828.4648617931725
1930-05-01,6808.5336906617895
1930-06-01,6817.860852524064
1930-07-01,6765.788754934499
1930-08-01,6732.537053532068
1930-09-01,6738.222627718063
1930-10-01,6715.374321696468
1930-11-01,6693.072295663267
1930-12-01,6674.021922021122
1931-01-01,6713.308273862392
1931-02-01,6743.683576083582
1931-03-01,6776.074714642842
1931-04-01,6785.694023495818
1931-05-01,6765.762852364435
1931-06-01,6775.09001422671
1931-07-01,6723.0179166371445
1931-08-01,6689.766215234714
1931-09-01,6695.451789420709
1931-10-01,6672.603483399113
1931-11-01,6650.301457365913
1931-12-01,6631.251083723768
1932-01-01,6670.537435565037
1932-02-01,6700.912737786228
1932-03-01,6733.303876345488
1932-04-01,6742.923185198464
1932-05-01,6722.992014067081
1932-06-01,6732.319175929356
1932-07-01,6680.24707833979
1932-08-01,6646.99537693736
1932-09-01,6652.680951123355
1932-10-01,6629.832645101759
1932-11-01,6607.530619068559
1932-12-01,6588.480245426414
1933-01-01,6627.766597267683
1933-02-01,6658.141899488874
1933-03-01,6690.533038048134
1933-04-01,6700.15234690111
1933-05-01,6680.221175769727
1933-06-01,6689.548337632002
1933-07-01,6637.476240042436
1933-08-01,6604.224538640005
1933-09-01,6609.910112826001
1933-10-01,6587.061806804405
1933-11-01,6564.7597807712045
1933-12-01,6545.709407129059
1934-01-01,6584.995758970329
1934-02-01,6615.371061191519
1934-03-01,6647.7621997507795
1934-04-01,6657.381508603756
1934-05-01,6637.450337472373
1934-06-01,6646.7774993346475
1934-07-01,6594.705401745082
1934-08-01,6561.453700342651
1934-09-01,6567.139274528647
1934-10-01,6544.290968507051
1934-11-01,6521.98894247385
1934-12-01,6502.938568831705
1935-01-01,6542.224920672975
1935-02-01,6572.600222894165
1935-03-01,6604.991361453425
1935-04-01,6614.6106703064015
1935-05-01,6594.6794991750185
1935-06-01,6604.006661037293
1935-07-01,6551.934563447728
1935-08-01,6518.682862045297
1935-09-01,6524.368436231292
1935-10-01,6501.520130209697
1935-11-01,6479.218104176496
1935-12-01,6460.167730534351
1936-01-01,6499.454082375621
1936-02-01,6529.829384596811
1936-03-01,6562.220523156071
1936-04-01,6571.839832009047
1936-05-01,6551.908660877664
1936-06-01,6561.235822739939
1936-07-01,6509.1637251503735
1936-08-01,6475.912023747943
1936-09-01,6481.597597933938
1936-10-01,6458.749291912342
1936-11-01,6436.447265879142
1936-12-01,6417.396892236997
1937-01-01,6456.683244078266
1937-02-01,6487.058546299457
1937-03-01,6519.449684858717
1937-04-01,6529.068993711693
1937-05-01,6509.13782258031
1937-06-01,6518.464984442585
1937-07-01,6466.392886853019
1937-08-01,6433.141185450589
1937-09-01,6438.826759636584
1937-10-01,6415.978453614988
1937-11-01,6393.676427581788
1937-12-01,6374.626053939643
1938-01-01,6413.912405780912
1938-02-01,6444.287708002103
1938-03-01,6476.678846561363
1938-04-01,6486.298155414339
1938-05-01,6466.366984282956
1938-06-01,6475.694146145231
1938-07-01,6423.622048555665
1938-08-01,6390.370347153234
1938-09-01,6396.05592133923
1938-10-01,6373.207615317634
1938-11-01,6350.9055892844335
1938-12-01,6331.855215642288
1939-01-01,6371.141567483558
1939-02-01,6401.516869704748
1939-03-01,6433.9080082640085
1939-04-01,6443.527317116985
1939-05-01,6423.596145985602
1939-06-01,6432.9233078478765
1939-07-01,6380.851210258311
1939-08-01,6347.59950885588
1939-09-01,6353.285083041876
1939-10-01,6330.43677702028
1939-11-01,6308.134750987079
1939-12-01,6289.084377344934
1940-01-01,6328.370729186204
1940-02-01,6358.746031407394
1940-03-01,6391.137169966654
1940-04-01,6400.7564788196305
1940-05-01,6380.825307688247
1940-06-01,6390.152469550522
1940-07-01,6338.080371960957
1940-08-01,6304.828670558526
1940-09-01,6310.514244744521
1940-10-01,6287.665938722926
1940-11-01,6265.363912689725
1940-12-01,6246.31353904758
1941-01-01,6285.59989088885
1941-02-01,6315.97519311004
1941-03-01,6348.3663316693
1941-04-01,6357.985640522276
1941-05-01,6338.054469390893
1941-06-01,6347.381631253168
1941-07-01,6295.309533663602
1941-08-01,6262.057832261172
1941-09-01,6267.743406447167
1941-10-01,6244.895100425571
1941-11-01,6222.593074392371
1941-12-01,6203.542700750226
1942-01-01,6242.829052591495
1942-02-01,6273.204354812686
1942-03-01,6305.595493371946
1942-04-01,6315.214802224922
1942-05-01,6295.283631093539
1942-06-01,6304.610792955814
1942-07-01,6252.538695366248
1942-08-01,6219.286993963818
1942-09-01,6224.972568149813
1942-10-01,6202.124262128217
1942-11-01,6179.822236095017
1942-12-01,6160.771862452872
1943-01-01,6200.058214294141
1943-02-01,6230.433516515332
1943-03-01,6262.824655074592
1943-04-01,6272.443963927568
1943-05-01,6252.512792796185
1943-06-01,6261.83995465846
1943-07-01,6209.767857068894
1943-08-01,6176.516155666463
1943-09-01,6182.201729852459
1943-10-01,6159.353423830863
1943-11-01,6137.0513977976625
1943-12-01,6118.001024155517
1944-01-01,6157.287375996787
1944-02-01,6187.662678217977
1944-03-01,6220.053816777237
1944-04-01,6229.673125630214
1944-05-01,6209.741954498831
1944-06-01,6219.069116361105
1944-07-01,6166.99701877154
1944-08-01,6133.745317369109
1944-09-01,6139.430891555105
1944-10-01,6116.582585533509
1944-11-01,6094.280559500308
1944-12-01,6075.230185858163
1945-01-01,6114.516537699433
1945-02-01,6144.891839920623
1945-03-01,6177.282978479883
1945-04-01,6186.9022873328595
1945-05-01,6166.971116201476
1945-06-01,6176.298278063751
1945-07-01,6124.226180474186
1945-08-01,6090.974479071755
1945-09-01,6096.66005325775
1945-10-01,6073.811747236155
1945-11-01,6051.509721202954
1945-12-01,6032.459347560809
1946-01-01,6071.745699402079
1946-02-01,6102.121001623269
1946-03-01,6134.512140182529
1946-04-01,6144.131449035505
1946-05-01,6124.200277904122
1946-06-01,6133.527439766397
1946-07-01,6081.455342176831
1946-08-01,6048.203640774401
1946-09-01,6053.889214960396
1946-10-01,6031.0409089388
1946-11-01,6008.7388829056
1946-12-01,5989.688509263455
1947-01-01,6028.974861104724
1947-02-01,6059.350163325915
1947-03-01,6091.741301885175
1947-04-01,6101.360610738151
1947-05-01,6081.429439606768
1947-06-01,6090.756601469043
1947-07-01,6038.684503879477
1947-08-01,6005.432802477047
1947-09-01,6011.118376663042
1947-10-01,5988.270070641446
1947-11-01,5965.968044608246
1947-12-01,5946.917670966101
1948-01-01,5986.20402280737
1948-02-01,6016.579325028561
1948-03-01,6048.970463587821
1948-04-01,6058.589772440797
1948-05-01,6038.658601309414
1948-06-01,6047.985763171689
1948-07-01,5995.913665582123
1948-08-01,5962.661964179692
1948-09-01,5968.347538365688
1948-10-01,5945.499232344092
1948-11-01,5923.1972063108915
1948-12-01,5904.146832668746
1949-01-01,5943.433184510016
1949-02-01,5973.808486731206
1949-03-01,6006.199625290466
1949-04-01,6015.818934143443
1949-05-01,5995.88776301206
1949-06-01,6005.214924874334
1949-07-01,5953.142827284769
1949-08-01,5919.891125882338
1949-09-01,5925.576700068334
1949-10-01,5902.728394046738
1949-11-01,5880.426368013537
1949-12-01,5861.375994371392
1950-01-01,5900.662346212662
1950-02-01,5931.037648433852
1950-03-01,5963.428786993112
1950-04-01,5973.0480958460885
1950-05-01,5953.116924714705
1950-06-01,5962.44408657698
1950-07-01,5910.371988987415
1950-08-01,5877.120287584984
1950-09-01,5882.805861770979
1950-10-01,5859.957555749384
1950-11-01,5837.655529716183
1950-12-01,5818.605156074038
1951-01-01,5857.891507915308
1951-02-01,5888.266810136498
1951-03-01,5920.657948695758
1951-04-01,5930.277257548734
1951-05-01,5910.346086417351
1951-06-01,5919.673248279626
1951-07-01,5867.60115069006
1951-08-01,5834.34944928763
1951-09-01,5840.035023473625
1951-10-01,5817.186717452029
1951-11-01,5794.884691418829
1951-12-01,5775.834317776684
1952-01-01,5815.120669617953
1952-02-01,5845.495971839144
1952-03-01,5877.887110398404
1952-04-01,5887.50641925138
1952-05-01,5867.575248119997
1952-06-01,5876.902409982272
1952-07-01,5824.830312392706
1952-08-01,5791.578610990276
1952-09-01,5797.264185176271
1952-10-01,5774.415879154675
1952-11-01,5752.113853121475
1952-12-01,5733.0634794793295
1953-01-01,5772.349831320599
1953-02-01,5802.72513354179
1953-03-01,5835.11627210105
1953-04-01,5844.735580954026
1953-05-01,5824.804409822643
1953-06-01,5834.131571684918
1953-07-01,5782.059474095352
1953-08-01,5748.807772692921
1953-09-01,5754.493346878917
1953-10-01,5731.645040857321
1953-11-01,5709.3430148241205
1953-12-01,5690.292641181975
1954-01-01,5729.578993023245
1954-02-01,5759.954295244435
1954-03-01,5792.345433803695
1954-04-01,5801.964742656672
1954-05-01,5782.033571525289
1954-06-01,5791.360733387563
1954-07-01,5739.288635797998
1954-08-01,5706.036934395567
1954-09-01,5711.722508581563
1954-10-01,5688.874202559967
1954-11-01,5666.572176526766
1954-12-01,5647.521802884621
1955-01-01,5686.808154725891
1955-02-01,5717.183456947081
1955-03-01,5749.574595506341
1955-04-01,5759.1939043593175
1955-05-01,5739.262733227934
1955-06-01,5748.589895090209
1955-07-01,5696.517797500644
1955-08-01,5663.266096098213
1955-09-01,5668.951670284208
1955-10-01,5646.103364262613
1955-11-01,5623.801338229412
1955-12-01,5604.750964587267
1956-01-01,5644.0373164285365
1956-02-01,5674.412618649727
1956-03-01,5706.803757208987
1956-04-01,5716.423066061963
1956-05-01,5696.49189493058
1956-06-01,5705.819056792855
1956-07-01,5653.746959203289
1956-08-01,5620.495257800859
1956-09-01,5626.180831986854
1956-10-01,5603.332525965258
1956-11-01,5581.030499932058
1956-12-01,5561.980126289913
1957-01-01,5601.266478131182
1957-02-01,5631.641780352373
1957-03-01,5664.032918911633
1957-04-01,5673.652227764609
1957-05-01,5653.721056633226
1957-06-01,5663.048218495501
1957-07-01,5610.976120905935
1957-08-01,5577.724419503505
1957-09-01,5583.4099936895
1957-10-01,5560.561687667904
1957-11-01,5538.259661634704
1957-12-01,5519.2092879925585
1958-01-01,5558.495639833828
1958-02-01,5588.8709420550185
1958-03-01,5621.262080614279
1958-04-01,5630.881389467255
1958-05-01,5610.950218335872
1958-06-01,5620.277380198147
1958-07-01,5568.205282608581
1958-08-01,5534.95358120615
1958-09-01,5540.639155392146
1958-10-01,5517.79084937055
1958-11-01,5495.4888233373495
1958-12-01,5476.438449695204
1959-01-01,5515.724801536474
1959-02-01,5546.100103757664
1959-03-01,5578.491242316924
1959-04-01,5588.110551169901
1959-05-01,5568.179380038518
1959-06-01,5577.506541900792
1959-07-01,5525.434444311227
1959-08-01,5492.182742908796
1959-09-01,5497.868317094792
1959-10-01,5475.020011073196
1959-11-01,5452.717985039995
1959-12-01,5433.66761139785
1960-01-01,5472.95396323912
1960-02-01,5503.32926546031
1960-03-01,5535.72040401957
1960-04-01,5545.339712872546
1960-05-01,5525.408541741163
1960-06-01,5534.735703603439
1960-07-01,5482.663606013873
1960-08-01,5449.411904611442
1960-09-01,5455.097478797437
1960-10-01,5432.2491727758415
1960-11-01,5409.947146742641
1960-12-01,5390.896773100496
1961-01-01,5430.1831249417655
1961-02-01,5460.558427162956
1961-03-01,5492.949565722216
1961-04-01,5502.568874575192
1961-05-01,5482.637703443809
1961-06-01,5491.964865306085
1961-07-01,5439.892767716518
1961-08-01,5406.641066314088
1961-09-01,5412.326640500083
1961-10-01,5389.478334478487
1961-11-01,5367.176308445287
1961-12-01,5348.125934803142
1962-01-01,5387.412286644411
1962-02-01,5417.787588865602
1962-03-01,5450.178727424862
1962-04-01,5459.798036277838
1962-05-01,5439.866865146455
1962-06-01,5449.19402700873
1962-07-01,5397.121929419164
1962-08-01,5363.870228016734
1962-09-01,5369.555802202729
1962-10-01,5346.707496181133
1962-11-01,5324.405470147933
1962-12-01,5305.3550965057875
1963-01-01,5344.641448347057
1963-02-01,5375.0167505682475
1963-03-01,5407.407889127508
1963-04-01,5417.027197980484
1963-05-01,5397.096026849101
1963-06-01,5406.4231887113765
1963-07-01,5354.35109112181
1963-08-01,5321.099389719379
1963-09-01,5326.784963905375
1963-10-01,5303.936657883779
1963-11-01,5281.634631850578
1963-12-01,5262.584258208433
1964-01-01,5301.870610049703
1964-02-01,5332.245912270893
1964-03-01,5364.637050830153
1964-04-01,5374.25635968313
1964-05-01,5354.325188551747
1964-06-01,5363.652350414021
1964-07-01,5311.580252824456
1964-08-01,5278.328551422025
1964-09-01,5284.014125608021
1964-10-01,5261.165819586425
1964-11-01,5238.863793553224
1964-12-01,5219.813419911079
1965-01-01,5259.099771752349
1965-02-01,5289.475073973539
1965-03-01,5321.866212532799
1965-04-01,5331.485521385775
1965-05-01,5311.554350254392
1965-06-01,5320.881512116667
1965-07-01,5268.809414527102
1965-08-01,5235.557713124671
1965-09-01,5241.243287310666
1965-10-01,5218.3949812890705
1965-11-01,5196.09295525587
1965-12-01,5177.042581613725
1966-01-01,5216.3289334549945
1966-02-01,5246.704235676185
1966-03-01,5279.095374235445
1966-04-01,5288.714683088421
1966-05-01,5268.783511957038
1966-06-01,5278.110673819313
1966-07-01,5226.038576229747
1966-08-01,5192.786874827317
1966-09-01,5198.472449013312
1966-10-01,5175.624142991716
1966-11-01,5153.322116958516
1966-12-01,5134.271743316371
1967-01-01,5173.55809515764
1967-02-01,5203.933397378831
1967-03-01,5236.324535938091
1967-04-01,5245.943844791067
1967-05-01,5226.012673659684
1967-06-01,5235.339835521959
1967-07-01,5183.267737932393
1967-08-01,5150.016036529963
1967-09-01,5155.701610715958
1967-10-01,5132.853304694362
1967-11-01,5110.551278661162
1967-12-01,5091.5009050190165
1968-01-01,5130.787256860286
1968-02-01,5161.1625590814765
1968-03-01,5193.553697640737
1968-04-01,5203.173006493713
1968-05-01,5183.24183536233
1968-06-01,5192.568997224605
1968-07-01,5140.496899635039
1968-08-01,5107.245198232608
1968-09-01,5112.930772418604
1968-10-01,5090.082466397008
1968-11-01,5067.780440363807
1968-12-01,5048.730066721662
1969-01-01,5088.016418562932
1969-02-01,5118.391720784122
1969-03-01,5150.782859343382
1969-04-01,5160.402168196359
1969-05-01,5140.470997064976
1969-06-01,5149.79815892725
1969-07-01,5097.726061337685
1969-08-01,5064.474359935254
1969-09-01,5070.1599341212495
1969-10-01,5047.311628099654
1969-11-01,5025.009602066453
1969-12-01,5005.959228424308
1970-01-01,5045.245580265578
1970-02-01,5075.620882486768
1970-03-01,5108.012021046028
1970-04-01,5117.631329899004
1970-05-01,5097.700158767621
1970-06-01,5107.027320629896
1970-07-01,5054.955223040331
1970-08-01,5021.7035216379
1970-09-01,5027.389095823895
1970-10-01,5004.5407898022995
1970-11-01,4982.238763769099
1970-12-01,4963.188390126954
1971-01-01,5002.4747419682235
1971-02-01,5032.850044189414
1971-03-01,5065.241182748674
1971-04-01,5074.86049160165
1971-05-01,5054.929320470267
1971-06-01,5064.256482332542
1971-07-01,5012.184384742976
1971-08-01,4978.932683340546
1971-09-01,4984.618257526541
1971-10-01,4961.769951504945
1971-11-01,4939.467925471745
1971-12-01,4920.4175518296
1972-01-01,4959.703903670869
1972-02-01,4990.07920589206
1972-03-01,5022.47034445132
1972-04-01,5032.089653304296
1972-05-01,5012.158482172913
1972-06-01,5021.485644035188
1972-07-01,4969.413546445622
1972-08-01,4936.1618450431915
1972-09-01,4941.847419229187
1972-10-01,4918.999113207591
1972-11-01,4896.697087174391
1972-12-01,4877.6467135322455
1973-01-01,4916.933065373515
1973-02-01,4947.3083675947055
1973-03-01,4979.699506153966
1973-04-01,4989.318815006942
1973-05-01,4969.387643875559
1973-06-01,4978.7148057378345
1973-07-01,4926.642708148267
1973-08-01,4893.391006745837
1973-09-01,4899.076580931833
1973-10-01,4876.228274910237
1973-11-01,4853.926248877036
1973-12-01,4834.875875234891
1974-01-01,4874.162227076161
1974-02-01,4904.537529297351
1974-03-01,4936.928667856611
1974-04-01,4946.547976709588
1974-05-01,4926.616805578205
1974-06-01,4935.943967440479
1974-07-01,4883.871869850914
1974-08-01,4850.620168448483
1974-09-01,4856.3057426344785
1974-10-01,4833.457436612883
1974-11-01,4811.155410579682
1974-12-01,4792.105036937537
1975-01-01,4831.391388778807
1975-02-01,4861.766690999997
1975-03-01,4894.157829559257
1975-04-01,4903.777138412233
1975-05-01,4883.84596728085
1975-06-01,4893.173129143125
1975-07-01,4841.10103155356
1975-08-01,4807.849330151129
1975-09-01,4813.534904337124
1975-10-01,4790.6865983155285
1975-11-01,4768.384572282328
1975-12-01,4749.334198640183
1976-01-01,4788.6205504814525
1976-02-01,4818.995852702643
1976-03-01,4851.386991261903
1976-04-01,4861.006300114879
1976-05-01,4841.075128983496
1976-06-01,4850.402290845771
1976-07-01,4798.330193256205
1976-08-01,4765.078491853775
1976-09-01,4770.76406603977
1976-10-01,4747.915760018174
1976-11-01,4725.613733984974
1976-12-01,4706.563360342829
1977-01-01,4745.849712184098
1977-02-01,4776.225014405289
1977-03-01,4808.616152964549
1977-04-01,4818.235461817525
1977-05-01,4798.304290686142
1977-06-01,4807.631452548417
1977-07-01,4755.559354958851
1977-08-01,4722.3076535564205
1977-09-01,4727.993227742416
1977-10-01,4705.14492172082
1977-11-01,4682.84289568762
1977-12-01,4663.7925220454745
1978-01-01,4703.078873886744
1978-02-01,4733.4541761079345
1978-03-01,4765.8453146671945
1978-04-01,4775.464623520171
1978-05-01,4755.533452388788
1978-06-01,4764.8606142510625
1978-07-01,4712.788516661497
1978-08-01,4679.536815259066
1978-09-01,4685.222389445062
1978-10-01,4662.374083423466
1978-11-01,4640.072057390265
1978-12-01,4621.02168374812
1979-01-01,4660.30803558939
1979-02-01,4690.68333781058
1979-03-01,4723.07447636984
1979-04-01,4732.693785222817
1979-05-01,4712.7626140914335
1979-06-01,4722.089775953708
1979-07-01,4670.017678364143
1979-08-01,4636.765976961712
1979-09-01,4642.4515511477075
1979-10-01,4619.603245126112
1979-11-01,4597.301219092911
1979-12-01,4578.250845450766
1980-01-01,4617.537197292036
1980-02-01,4647.912499513226
1980-03-01,4680.303638072486
1980-04-01,4689.922946925462
1980-05-01,4669.991775794079
1980-06-01,4679.318937656354
1980-07-01,4627.2468400667885
1980-08-01,4593.995138664358
1980-09-01,4599.680712850353
1980-10-01,4576.8324068287575
1980-11-01,4554.530380795557
1980-12-01,4535.480007153412
1981-01-01,4574.7663589946815
1981-02-01,4605.141661215872
1981-03-01,4637.532799775132
1981-04-01,4647.152108628108
1981-05-01,4627.220937496725
1981-06-01,4636.548099359
1981-07-01,4584.476001769434
1981-08-01,4551.224300367004
1981-09-01,4556.909874552999
1981-10-01,4534.061568531403
1981-11-01,4511.759542498203
1981-12-01,4492.709168856058
1982-01-01,4531.995520697327
1982-02-01,4562.370822918518
1982-03-01,4594.761961477778
1982-04-01,4604.381270330754
1982-05-01,4584.450099199371
1982-06-01,4593.777261061646
1982-07-01,4541.70516347208
1982-08-01,4508.4534620696495
1982-09-01,4514.139036255645
1982-10-01,4491.290730234049
1982-11-01,4468.988704200849
1982-12-01,4449.9383305587035
1983-01-01,4489.224682399973
1983-02-01,4519.5999846211635
1983-03-01,4551.9911231804235
1983-04-01,4561.6104320334
1983-05-01,4541.679260902017
1983-06-01,4551.0064227642915
1983-07-01,4498.934325174726
1983-08-01,4465.682623772295
1983-09-01,4471.368197958291
1983-10-01,4448.519891936695
1983-11-01,4426.217865903494
1983-12-01,4407.167492261349
1984-01-01,4446.45384410262
1984-02-01,4476.829146323809
1984-03-01,4509.220284883069
1984-04-01,4518.839593736046
1984-05-01,4498.9084226046625
1984-06-01,4508.235584466937
1984-07-01,4456.163486877372
1984-08-01,4422.911785474941
1984-09-01,4428.5973596609365
1984-10-01,4405.749053639341
1984-11-01,4383.44702760614
1984-12-01,4364.396653963995
1985-01-01,4403.683005805266
1985-02-01,4434.058308026455
1985-03-01,4466.449446585715
1985-04-01,4476.068755438691
1985-05-01,4456.137584307308
1985-06-01,4465.464746169583
1985-07-01,4413.3926485800175
1985-08-01,4380.140947177587
1985-09-01,4385.826521363582
1985-10-01,4362.9782153419865
1985-11-01,4340.676189308786
1985-12-01,4321.625815666641
1986-01-01,4360.912167507911
1986-02-01,4391.287469729101
1986-03-01,4423.678608288361
1986-04-01,4433.297917141337
1986-05-01,4413.366746009954
1986-06-01,4422.693907872229
1986-07-01,4370.621810282663
1986-08-01,4337.370108880233
1986-09-01,4343.055683066228
1986-10-01,4320.207377044632
1986-11-01,4297.905351011432
1986-12-01,4278.854977369287
1987-01-01,4318.141329210556
1987-02-01,4348.516631431747
1987-03-01,4380.907769991007
1987-04-01,4390.527078843983
1987-05-01,4370.5959077126
1987-06-01,4379.923069574875
1987-07-01,4327.850971985309
1987-08-01,4294.5992705828785
1987-09-01,4300.284844768874
1987-10-01,4277.436538747278
1987-11-01,4255.134512714078
1987-12-01,4236.084139071932
1988-01-01,4275.370490913202
1988-02-01,4305.745793134392
1988-03-01,4338.1369316936525
1988-04-01,4347.756240546629
1988-05-01,4327.825069415246
1988-06-01,4337.1522312775205
1988-07-01,4285.080133687955
1988-08-01,4251.828432285524
1988-09-01,4257.51400647152
1988-10-01,4234.665700449924
1988-11-01,4212.363674416723
1988-12-01,4193.313300774578
1989-01-01,4232.599652615848
1989-02-01,4262.974954837038
1989-03-01,4295.366093396298
1989-04-01,4304.985402249275
1989-05-01,4285.0542311178915
1989-06-01,4294.381392980166
1989-07-01,4242.309295390601
1989-08-01,4209.05759398817
1989-09-01,4214.7431681741655
1989-10-01,4191.89486215257
1989-11-01,4169.592836119369
1989-12-01,4150.542462477224
1990-01-01,4189.828814318494
1990-02-01,4220.204116539684
1990-03-01,4252.595255098944
1990-04-01,4262.21456395192
1990-05-01,4242.283392820537
1990-06-01,4251.610554682812
1990-07-01,4199.5384570932465
1990-08-01,4166.286755690816
1990-09-01,4171.972329876811
1990-10-01,4149.1240238552155
1990-11-01,4126.821997822015
1990-12-01,4107.77162417987
1991-01-01,4147.057976021139
1991-02-01,4177.43327824233
1991-03-01,4209.82441680159
1991-04-01,4219.443725654566
1991-05-01,4199.512554523183
1991-06-01,4208.839716385458
1991-07-01,4156.767618795892
1991-08-01,4123.515917393462
1991-09-01,4129.201491579457
1991-10-01,4106.353185557861
1991-11-01,4084.0511595246603
1991-12-01,4065.000785882516
1992-01-01,4104.287137723785
1992-02-01,4134.662439944976
1992-03-01,4167.053578504236
1992-04-01,4176.672887357212
1992-05-01,4156.741716225829
1992-06-01,4166.068878088104
1992-07-01,4113.996780498538
1992-08-01,4080.745079096108
1992-09-01,4086.4306532821024
1992-10-01,4063.582347260507
1992-11-01,4041.280321227306
1992-12-01,4022.229947585162
1993-01-01,4061.5162994264315
1993-02-01,4091.8916016476214
1993-03-01,4124.2827402068815
1993-04-01,4133.902049059858
1993-05-01,4113.970877928475
1993-06-01,4123.2980397907495
1993-07-01,4071.2259422011834
1993-08-01,4037.9742407987537
1993-09-01,4043.659814984748
1993-10-01,4020.811508963153
1993-11-01,3998.509482929952
1993-12-01,3979.4591092878077
1994-01-01,4018.7454611290773
1994-02-01,4049.120763350267
1994-03-01,4081.5119019095273
1994-04-01,4091.1312107625035
1994-05-01,4071.20003963112
1994-06-01,4080.5272014933958
1994-07-01,4028.4551039038292
1994-08-01,3995.2034025013995
1994-09-01,4000.8889766873945
1994-10-01,3978.0406706657986
1994-11-01,3955.7386446325977
1994-12-01,3936.6882709904535
1995-01-01,3975.974622831723
1995-02-01,4006.349925052913
1995-03-01,4038.741063612173
1995-04-01,4048.3603724651493
1995-05-01,4028.429201333766
1995-06-01,4037.7563631960415
1995-07-01,3985.684265606475
1995-08-01,3952.4325642040453
1995-09-01,3958.1181383900403
1995-10-01,3935.2698323684444
1995-11-01,3912.9678063352435
1995-12-01,3893.9174326930993
1996-01-01,3933.203784534369
1996-02-01,3963.579086755559
1996-03-01,3995.970225314819
1996-04-01,4005.589534167795
1996-05-01,3985.6583630364116
1996-06-01,3994.9855248986873
1996-07-01,3942.913427309121
1996-08-01,3909.661725906691
1996-09-01,3915.3473000926856
1996-10-01,3892.4989940710902
1996-11-01,3870.1969680378893
1996-12-01,3851.146594395745
1997-01-01,3890.4329462370147
1997-02-01,3920.8082484582046
1997-03-01,3953.1993870174647
1997-04-01,3962.818695870441
1997-05-01,3942.8875247390574
1997-06-01,3952.214686601333
1997-07-01,3900.142589011767
1997-08-01,3866.890887609337
1997-09-01,3872.5764617953314
1997-10-01,3849.728155773736
1997-11-01,3827.426129740535
1997-12-01,3808.375756098391
1998-01-01,3847.6621079396605
1998-02-01,3878.0374101608504
1998-03-01,3910.4285487201105
1998-04-01,3920.0478575730867
1998-05-01,3900.116686441703
1998-06-01,3909.443848303979
1998-07-01,3857.371750714413
1998-08-01,3824.1200493119827
1998-09-01,3829.805623497977
1998-10-01,3806.957317476382
1998-11-01,3784.655291443181
1998-12-01,3765.6049178010367
1999-01-01,3804.8912696423063
1999-02-01,3835.266571863496
1999-03-01,3867.6577104227563
1999-04-01,3877.2770192757325
1999-05-01,3857.345848144349
1999-06-01,3866.6730100066247
1999-07-01,3814.600912417058
1999-08-01,3781.3492110146285
1999-09-01,3787.034785200623
1999-10-01,3764.1864791790276
1999-11-01,3741.8844531458267
1999-12-01,3722.8340795036825
2000-01-01,3762.120431344952
2000-02-01,3792.495733566142
2000-03-01,3824.886872125402
2000-04-01,3834.5061809783783
2000-05-01,3814.575009846995
2000-06-01,3823.9021717092705
2000-07-01,3771.8300741197045
2000-08-01,3738.5783727172743
2000-09-01,3744.263946903269
2000-10-01,3721.4156408816734
2000-11-01,3699.113614848473
2000-12-01,3680.0632412063283
2001-01-01,3719.349593047598
2001-02-01,3749.724895268788
2001-03-01,3782.116033828048
2001-04-01,3791.735342681024
2001-05-01,3771.8041715496406
2001-06-01,3781.1313334119163
2001-07-01,3729.0592358223503
2001-08-01,3695.80753441992
2001-09-01,3701.4931086059146
2001-10-01,3678.644802584319
2001-11-01,3656.3427765511187
2001-12-01,3637.292402908974
2002-01-01,3676.5787547502437
2002-02-01,3706.9540569714336
2002-03-01,3739.3451955306937
2002-04-01,3748.96450438367
2002-05-01,3729.0333332522864
2002-06-01,3738.360495114562
2002-07-01,3686.2883975249956
2002-08-01,3653.036696122566
2002-09-01,3658.7222703085604
2002-10-01,3635.873964286965
2002-11-01,3613.571938253764
2002-12-01,3594.52156461162
2003-01-01,3633.8079164528895
2003-02-01,3664.1832186740794
2003-03-01,3696.5743572333395
2003-04-01,3706.1936660863157
2003-05-01,3686.262494954932
2003-06-01,3695.589656817208
2003-07-01,3643.5175592276414
2003-08-01,3610.2658578252117
2003-09-01,3615.951432011206
2003-10-01,3593.103125989611
2003-11-01,3570.8010999564103
2003-12-01,3551.7507263142656
2004-01-01,3591.0370781555353
2004-02-01,3621.4123803767247
2004-03-01,3653.8035189359853
2004-04-01,3663.4228277889615
2004-05-01,3643.491656657578
2004-06-01,3652.8188185198533
2004-07-01,3600.746720930287
2004-08-01,3567.4950195278575
2004-09-01,3573.180593713852
2004-10-01,3550.3322876922566
2004-11-01,3528.0302616590557
2004-12-01,3508.9798880169114
2005-01-01,3548.266239858181
2005-02-01,3578.6415420793705
2005-03-01,3611.032680638631
2005-04-01,3620.6519894916073
2005-05-01,3600.720818360224
2005-06-01,3610.047980222499
2005-07-01,3557.975882632933
2005-08-01,3524.7241812305033
2005-09-01,3530.409755416498
2005-10-01,3507.5614493949024
2005-11-01,3485.2594233617015
2005-12-01,3466.2090497195572
2006-01-01,3505.495401560827
2006-02-01,3535.8707037820163
2006-03-01,3568.261842341277
2006-04-01,3577.881151194253
2006-05-01,3557.9499800628696
2006-06-01,3567.277141925145
2006-07-01,3515.205044335579
2006-08-01,3481.953342933149
2006-09-01,3487.6389171191436
2006-10-01,3464.790611097548
2006-11-01,3442.4885850643473
2006-12-01,3423.438211422203
2007-01-01,3462.7245632634726
2007-02-01,3493.099865484662
2007-03-01,3525.4910040439227
2007-04-01,3535.110312896899
2007-05-01,3515.1791417655154
2007-06-01,3524.5063036277907
2007-07-01,3472.4342060382246
2007-08-01,3439.182504635795
2007-09-01,3444.8680788217894
2007-10-01,3422.019772800194
2007-11-01,3399.717746766993
2007-12-01,3380.667373124849
2008-01-01,3419.9537249661184
2008-02-01,3450.329027187308
2008-03-01,3482.7201657465685
2008-04-01,3492.3394745995447
2008-05-01,3472.408303468161
2008-06-01,3481.7354653304365
2008-07-01,3429.6633677408704
2008-08-01,3396.4116663384407
2008-09-01,3402.097240524435
2008-10-01,3379.24893450284
2008-11-01,3356.946908469639
2008-12-01,3337.8965348274946
2009-01-01,3377.1828866687642
2009-02-01,3407.5581888899537
2009-03-01,3439.9493274492143
2009-04-01,3449.5686363021905
2009-05-01,3429.637465170807
2009-06-01,3438.9646270330823
2009-07-01,3386.892529443516
2009-08-01,3353.6408280410865
2009-09-01,3359.326402227081
2009-10-01,3336.4780962054856
2009-11-01,3314.176070172285
2009-12-01,3295.1256965301404
2010-01-01,3334.41204837141
2010-02-01,3364.7873505925995
2010-03-01,3397.17848915186
2010-04-01,3406.7977980048363
2010-05-01,3386.866626873453
2010-06-01,3396.1937887357285
2010-07-01,3344.121691146162
2010-08-01,3310.8699897437323
2010-09-01,3316.5555639297268
2010-10-01,3293.7072579081314
2010-11-01,3271.4052318749305
2010-12-01,3252.3548582327862
2011-01-01,3291.641210074056
2011-02-01,3322.0165122952453
2011-03-01,3354.407650854506
2011-04-01,3364.026959707482
2011-05-01,3344.0957885760986
2011-06-01,3353.422950438374
2011-07-01,3301.350852848808
2011-08-01,3268.099151446378
2011-09-01,3273.7847256323726
2011-10-01,3250.936419610777
2011-11-01,3228.6343935775762
2011-12-01,3209.584019935432
2012-01-01,3248.8703717767016
2012-02-01,3279.245673997891
2012-03-01,3311.6368125571516
2012-04-01,3321.256121410128
2012-05-01,3301.3249502787444
2012-06-01,3310.6521121410196
2012-07-01,3258.58
2012-08-01,3240.75
2012-09-01,3240.75
2012-10-01,3289.78
2012-11-01,3231.83
2012-12-01,3160.51
2013-01-01,3106.49
2013-02-01,3146.26
2013-03-01,3141.84
2013-04-01,3261.15
2013-05-01,3243.47
2013-06-01,3221.38
2013-07-01,3172.77
2013-08-01,3190.45
2013-09-01,3203.7
2013-10-01,3181.61
2013-11-01,3146.26
2013-12-01,3137.42
2014-01-01,3164.2
2014-02-01,3164.2
2014-03-01,3173.09
2014-04-01,3173.09
2014-05-01,3173.09
2014-06-01,3221.97
2014-07-01,3190.86
2014-08-01,3208.64
2014-09-01,3221.97
2014-10-01,3199.75
2014-11-01,3199.75
2014-12-01,3213.08
2015-01-01,3245.36
2015-02-01,3254.25
2015-03-01,3232.02
2015-04-01,3240.92
2015-05-01,3227.58
2015-06-01,3272.04
2015-07-01,3298.71
2015-08-01,3303.16
2015-09-01,3360.95
2015-10-01,3369.84
2015-11-01,3400.96
2015-12-01,3454.31
2016-01-01,3497.63
2016-02-01,3506.61
2016-03-01,3591.92
2016-04-01,3731.11
2016-05-01,3704.17
2016-06-01,3784.99
2016-07-01,3798.46
2016-08-01,3771.52
2016-09-01,3834.37
2016-10-01,3798.46
2016-11-01,3798.46
2016-12-01,3847.84
2017-01-01,4057.89
2017-02-01,4126.44
2017-03-01,4231.54
2017-04-01,4295.52
2017-05-01,4409.76
2017-06-01,4528.57
2017-07-01,4569.7
2017-08-01,4647.38
2017-09-01,4661.09
2017-10-01,4697.65
2017-11-01,4725.07
2017-12-01,4738.78
2018-01-01,4835.71
2018-02-01,4933.45
2018-03-01,4984.65
2018-04-01,5017.23
2018-05-01,5068.42
2018-06-01,5096.35
2018-07-01,5087.04
2018-08-01,5096.35
2018-09-01,5194.09
2018-10-01,5208.05
2018-11-01,5208.05
2018-12-01,5180.12
2019-01-01,5221.04
2019-02-01,5221.04
2019-03-01,5221.04
2019-04-01,5211.55
2019-05-01,5192.56
2019-06-01,5116.62
2019-07-01,5130.86
2019-08-01,5168.83
2019-09-01,5202.05
2019-10-01,5216.29
2019-11-01,5287.49
2019-12-01,5315.97
2020-01-01,5411.93
2020-02-01,5513.5
2020-03-01,5648.92
2020-04-01,5716.62
2020-05-01,5663.42
2020-06-01,5639.24
2020-07-01,5653.75
2020-08-01,5750.48
2020-09-01,5784.33
2020-10-01,5818.19
2020-11-01,5856.88
2020-12-01,5852.04
2021-01-01,5984.18
2021-02-01,6013.71
2021-03-01,6102.29
2021-04-01,6230.24
2021-05-01,6328.66
2021-06-01,6427.09
2021-07-01,6520.59
2021-08-01,6535.35
2021-09-01,6510.75
2021-10-01,6584.57
2021-11-01,6717.44
2021-12-01,6815.86
2022-01-01,6863.53
2022-02-01,6996.66
2022-03-01,7159.38
2022-04-01,7203.75
2022-05-01,7262.92
2022-06-01,7361.54
2022-07-01,7351.67
2022-08-01,7218.54
2022-09-01,7154.45
2022-10-01,7179.1
2022-11-01,7139.65
2022-12-01,7164.31
2023-01-01,7145.2
2023-02-01,7249.11
2023-03-01,7343.13
2023-04-01,7323.34
2023-05-01,7422.3
2023-06-01,7402.51
2023-07-01,7224.37
2023-08-01,7234.27
2023-09-01,7377.77
2023-10-01,7486.63
2023-11-01,7506.42
2023-12-01,7496.52
2024-01-01,7771.42
2024-02-01,7920.68
2024-03-01,8030.13
2024-04-01,8099.79
2024-05-01,8149.54
2024-06-01,8229.15
2024-07-01,8333.63
2024-08-01,8393.33
2024-09-01,8622.19
2024-10-01,8701.8
2024-11-01,8836.13
2024-12-01,9050.07
2025-01-01,9260.21
2025-02-01,9547.39
2025-03-01,9794.26
2025-04-01,9920.22
2025-05-01,9970.6
2025-06-01,10293.04
2025-07-01,10247.7
2025-08-01,10282.97
2025-09-01,10429.07
2025-10-01,10429.07
