date,price_per_sqm_smoothed,is_observed,price_per_sqm_observed
1900-01-01,1526.3010974064246,False,
1900-02-01,1533.5833003874013,False,
1900-03-01,1540.9781008357415,False,
1900-04-01,1544.8422673448692,False,
1900-05-01,1541.478577948547,False,
1900-06-01,1544.357904630264,False,
1900-07-01,1534.5948684219811,False,
1900-08-01,1528.8366408176753,False,
1900-09-01,1530.6423388759524,False,
1900-10-01,1526.91849888477,False,
1900-11-01,1523.288709508227,False,
1900-12-01,1520.450704115876,False,
1901-01-01,1519.1261432241727,False,
1901-02-01,1526.4083462051494,False,
1901-03-01,1533.8031466534896,False,
1901-04-01,1537.6673131626173,False,
1901-05-01,1534.303623766295,False,
1901-06-01,1537.1829504480122,False,
1901-07-01,1527.4199142397292,False,
1901-08-01,1521.6616866354234,False,
1901-09-01,1523.4673846937005,False,
1901-10-01,1519.7435447025182,False,
1901-11-01,1516.113755325975,False,
1901-12-01,1513.2757499336242,False,
1902-01-01,1511.9511890419208,False,
1902-02-01,1519.2333920228975,False,
1902-03-01,1526.6281924712378,False,
1902-04-01,1530.4923589803655,False,
1902-05-01,1527.128669584043,False,
1902-06-01,1530.00799626576,False,
1902-07-01,1520.2449600574773,False,
1902-08-01,1514.4867324531715,False,
1902-09-01,1516.2924305114486,False,
1902-10-01,1512.5685905202663,False,
1902-11-01,1508.9388011437231,False,
1902-12-01,1506.1007957513723,False,
1903-01-01,1504.7762348596689,False,
1903-02-01,1512.0584378406456,False,
1903-03-01,1519.4532382889859,False,
1903-04-01,1523.3174047981136,False,
1903-05-01,1519.9537154017912,False,
1903-06-01,1522.8330420835082,False,
1903-07-01,1513.0700058752254,False,
1903-08-01,1507.3117782709196,False,
1903-09-01,1509.1174763291967,False,
1903-10-01,1505.3936363380144,False,
1903-11-01,1501.7638469614712,False,
1903-12-01,1498.9258415691204,False,
1904-01-01,1497.601280677417,False,
1904-02-01,1504.8834836583937,False,
1904-03-01,1512.278284106734,False,
1904-04-01,1516.1424506158617,False,
1904-05-01,1512.7787612195393,False,
1904-06-01,1515.6580879012563,False,
1904-07-01,1505.8950516929735,False,
1904-08-01,1500.1368240886677,False,
1904-09-01,1501.9425221469448,False,
1904-10-01,1498.2186821557625,False,
1904-11-01,1494.5888927792193,False,
1904-12-01,1491.7508873868685,False,
1905-01-01,1490.426326495165,False,
1905-02-01,1497.7085294761418,False,
1905-03-01,1505.103329924482,False,
1905-04-01,1508.9674964336098,False,
1905-05-01,1505.6038070372874,False,
1905-06-01,1508.4831337190044,False,
1905-07-01,1498.7200975107216,False,
1905-08-01,1492.9618699064158,False,
1905-09-01,1494.767567964693,False,
1905-10-01,1491.0437279735106,False,
1905-11-01,1487.4139385969675,False,
1905-12-01,1484.5759332046166,False,
1906-01-01,1483.2513723129132,False,
1906-02-01,1490.53357529389,False,
1906-03-01,1497.9283757422302,False,
1906-04-01,1501.7925422513579,False,
1906-05-01,1498.4288528550355,False,
1906-06-01,1501.3081795367525,False,
1906-07-01,1491.5451433284697,False,
1906-08-01,1485.786915724164,False,
1906-09-01,1487.592613782441,False,
1906-10-01,1483.8687737912587,False,
1906-11-01,1480.2389844147156,False,
1906-12-01,1477.4009790223647,False,
1907-01-01,1476.0764181306613,False,
1907-02-01,1483.358621111638,False,
1907-03-01,1490.7534215599783,False,
1907-04-01,1494.617588069106,False,
1907-05-01,1491.2538986727836,False,
1907-06-01,1494.1332253545006,False,
1907-07-01,1484.3701891462179,False,
1907-08-01,1478.611961541912,False,
1907-09-01,1480.4176596001892,False,
1907-10-01,1476.6938196090068,False,
1907-11-01,1473.0640302324637,False,
1907-12-01,1470.2260248401128,False,
1908-01-01,1468.9014639484096,False,
1908-02-01,1476.1836669293862,False,
1908-03-01,1483.5784673777264,False,
1908-04-01,1487.442633886854,False,
1908-05-01,1484.0789444905317,False,
1908-06-01,1486.9582711722487,False,
1908-07-01,1477.195234963966,False,
1908-08-01,1471.4370073596601,False,
1908-09-01,1473.2427054179373,False,
1908-10-01,1469.518865426755,False,
1908-11-01,1465.8890760502118,False,
1908-12-01,1463.051070657861,False,
1909-01-01,1461.7265097661577,False,
1909-02-01,1469.0087127471343,False,
1909-03-01,1476.4035131954745,False,
1909-04-01,1480.2676797046022,False,
1909-05-01,1476.9039903082798,False,
1909-06-01,1479.7833169899968,False,
1909-07-01,1470.020280781714,False,
1909-08-01,1464.2620531774082,False,
1909-09-01,1466.0677512356854,False,
1909-10-01,1462.343911244503,False,
1909-11-01,1458.7141218679599,False,
1909-12-01,1455.876116475609,False,
1910-01-01,1454.5515555839058,False,
1910-02-01,1461.8337585648824,False,
1910-03-01,1469.2285590132226,False,
1910-04-01,1473.0927255223503,False,
1910-05-01,1469.729036126028,False,
1910-06-01,1472.608362807745,False,
1910-07-01,1462.8453265994622,False,
1910-08-01,1457.0870989951563,False,
1910-09-01,1458.8927970534335,False,
1910-10-01,1455.1689570622511,False,
1910-11-01,1451.539167685708,False,
1910-12-01,1448.7011622933571,False,
1911-01-01,1447.376601401654,False,
1911-02-01,1454.6588043826305,False,
1911-03-01,1462.0536048309707,False,
1911-04-01,1465.9177713400984,False,
1911-05-01,1462.554081943776,False,
1911-06-01,1465.433408625493,False,
1911-07-01,1455.6703724172103,False,
1911-08-01,1449.9121448129044,False,
1911-09-01,1451.7178428711816,False,
1911-10-01,1447.9940028799992,False,
1911-11-01,1444.364213503456,False,
1911-12-01,1441.5262081111052,False,
1912-01-01,1440.201647219402,False,
1912-02-01,1447.4838502003786,False,
1912-03-01,1454.8786506487188,False,
1912-04-01,1458.7428171578465,False,
1912-05-01,1455.3791277615242,False,
1912-06-01,1458.2584544432411,False,
1912-07-01,1448.4954182349584,False,
1912-08-01,1442.7371906306525,False,
1912-09-01,1444.5428886889297,False,
1912-10-01,1440.8190486977473,False,
1912-11-01,1437.1892593212042,False,
1912-12-01,1434.3512539288533,False,
1913-01-01,1433.0266930371502,False,
1913-02-01,1440.3088960181267,False,
1913-03-01,1447.703696466467,False,
1913-04-01,1451.5678629755946,False,
1913-05-01,1448.2041735792723,False,
1913-06-01,1451.0835002609892,False,
1913-07-01,1441.3204640527065,False,
1913-08-01,1435.5622364484007,False,
1913-09-01,1437.3679345066778,False,
1913-10-01,1433.6440945154955,False,
1913-11-01,1430.0143051389523,False,
1913-12-01,1427.1762997466014,False,
1914-01-01,1425.8517388548983,False,
1914-02-01,1433.1339418358748,False,
1914-03-01,1440.528742284215,False,
1914-04-01,1444.3929087933427,False,
1914-05-01,1441.0292193970204,False,
1914-06-01,1443.9085460787373,False,
1914-07-01,1434.1455098704546,False,
1914-08-01,1428.3872822661488,False,
1914-09-01,1430.192980324426,False,
1914-10-01,1426.4691403332436,False,
1914-11-01,1422.8393509567004,False,
1914-12-01,1420.0013455643495,False,
1915-01-01,1418.6767846726464,False,
1915-02-01,1425.958987653623,False,
1915-03-01,1433.3537881019631,False,
1915-04-01,1437.2179546110908,False,
1915-05-01,1433.8542652147685,False,
1915-06-01,1436.7335918964854,False,
1915-07-01,1426.9705556882027,False,
1915-08-01,1421.2123280838969,False,
1915-09-01,1423.018026142174,False,
1915-10-01,1419.2941861509917,False,
1915-11-01,1415.6643967744485,False,
1915-12-01,1412.8263913820977,False,
1916-01-01,1411.5018304903945,False,
1916-02-01,1418.784033471371,False,
1916-03-01,1426.1788339197112,False,
1916-04-01,1430.043000428839,False,
1916-05-01,1426.6793110325166,False,
1916-06-01,1429.5586377142336,False,
1916-07-01,1419.7956015059508,False,
1916-08-01,1414.037373901645,False,
1916-09-01,1415.843071959922,False,
1916-10-01,1412.1192319687398,False,
1916-11-01,1408.4894425921966,False,
1916-12-01,1405.6514371998458,False,
1917-01-01,1404.3268763081426,False,
1917-02-01,1411.609079289119,False,
1917-03-01,1419.0038797374593,False,
1917-04-01,1422.868046246587,False,
1917-05-01,1419.5043568502647,False,
1917-06-01,1422.3836835319817,False,
1917-07-01,1412.620647323699,False,
1917-08-01,1406.862419719393,False,
1917-09-01,1408.6681177776702,False,
1917-10-01,1404.9442777864879,False,
1917-11-01,1401.3144884099447,False,
1917-12-01,1398.4764830175939,False,
1918-01-01,1397.1519221258907,False,
1918-02-01,1404.4341251068672,False,
1918-03-01,1411.8289255552074,False,
1918-04-01,1415.6930920643351,False,
1918-05-01,1412.3294026680128,False,
1918-06-01,1415.2087293497298,False,
1918-07-01,1405.445693141447,False,
1918-08-01,1399.6874655371412,False,
1918-09-01,1401.4931635954183,False,
1918-10-01,1397.769323604236,False,
1918-11-01,1394.1395342276928,False,
1918-12-01,1391.301528835342,False,
1919-01-01,1389.9769679436388,False,
1919-02-01,1397.2591709246153,False,
1919-03-01,1404.6539713729555,False,
1919-04-01,1408.5181378820832,False,
1919-05-01,1405.154448485761,False,
1919-06-01,1408.0337751674779,False,
1919-07-01,1398.2707389591953,False,
1919-08-01,1392.5125113548893,False,
1919-09-01,1394.3182094131664,False,
1919-10-01,1390.594369421984,False,
1919-11-01,1386.964580045441,False,
1919-12-01,1384.12657465309,False,
1920-01-01,1382.802013761387,False,
1920-02-01,1390.0842167423634,False,
1920-03-01,1397.4790171907036,False,
1920-04-01,1401.3431836998313,False,
1920-05-01,1397.979494303509,False,
1920-06-01,1400.858820985226,False,
1920-07-01,1391.0957847769434,False,
1920-08-01,1385.3375571726374,False,
1920-09-01,1387.1432552309145,False,
1920-10-01,1383.4194152397322,False,
1920-11-01,1379.789625863189,False,
1920-12-01,1376.9516204708382,False,
1921-01-01,1375.627059579135,False,
1921-02-01,1382.9092625601115,False,
1921-03-01,1390.3040630084517,False,
1921-04-01,1394.1682295175794,False,
1921-05-01,1390.804540121257,False,
1921-06-01,1393.683866802974,False,
1921-07-01,1383.9208305946916,False,
1921-08-01,1378.1626029903855,False,
1921-09-01,1379.9683010486626,False,
1921-10-01,1376.2444610574803,False,
1921-11-01,1372.6146716809371,False,
1921-12-01,1369.7766662885863,False,
1922-01-01,1368.452105396883,False,
1922-02-01,1375.7343083778596,False,
1922-03-01,1383.1291088261999,False,
1922-04-01,1386.9932753353276,False,
1922-05-01,1383.6295859390052,False,
1922-06-01,1386.5089126207222,False,
1922-07-01,1376.7458764124397,False,
1922-08-01,1370.9876488081336,False,
1922-09-01,1372.7933468664107,False,
1922-10-01,1369.0695068752284,False,
1922-11-01,1365.4397174986852,False,
1922-12-01,1362.6017121063344,False,
1923-01-01,1361.2771512146312,False,
1923-02-01,1368.5593541956077,False,
1923-03-01,1375.954154643948,False,
1923-04-01,1379.8183211530757,False,
1923-05-01,1376.4546317567533,False,
1923-06-01,1379.3339584384703,False,
1923-07-01,1369.5709222301875,False,
1923-08-01,1363.8126946258817,False,
1923-09-01,1365.6183926841588,False,
1923-10-01,1361.8945526929765,False,
1923-11-01,1358.2647633164333,False,
1923-12-01,1355.4267579240825,False,
1924-01-01,1354.1021970323793,False,
1924-02-01,1361.3844000133558,False,
1924-03-01,1368.779200461696,False,
1924-04-01,1372.6433669708238,False,
1924-05-01,1369.2796775745014,False,
1924-06-01,1372.1590042562184,False,
1924-07-01,1362.3959680479356,False,
1924-08-01,1356.6377404436298,False,
1924-09-01,1358.443438501907,False,
1924-10-01,1354.7195985107246,False,
1924-11-01,1351.0898091341815,False,
1924-12-01,1348.2518037418306,False,
1925-01-01,1346.9272428501274,False,
1925-02-01,1354.209445831104,False,
1925-03-01,1361.6042462794442,False,
1925-04-01,1365.4684127885719,False,
1925-05-01,1362.1047233922495,False,
1925-06-01,1364.9840500739665,False,
1925-07-01,1355.2210138656837,False,
1925-08-01,1349.462786261378,False,
1925-09-01,1351.268484319655,False,
1925-10-01,1347.5446443284727,False,
1925-11-01,1343.9148549519296,False,
1925-12-01,1341.0768495595787,False,
1926-01-01,1339.7522886678755,False,
1926-02-01,1347.034491648852,False,
1926-03-01,1354.4292920971923,False,
1926-04-01,1358.29345860632,False,
1926-05-01,1354.9297692099976,False,
1926-06-01,1357.8090958917146,False,
1926-07-01,1348.0460596834318,False,
1926-08-01,1342.287832079126,False,
1926-09-01,1344.0935301374031,False,
1926-10-01,1340.3696901462208,False,
1926-11-01,1336.7399007696777,False,
1926-12-01,1333.9018953773268,False,
1927-01-01,1332.5773344856236,False,
1927-02-01,1339.8595374666002,False,
1927-03-01,1347.2543379149404,False,
1927-04-01,1351.118504424068,False,
1927-05-01,1347.7548150277457,False,
1927-06-01,1350.6341417094627,False,
1927-07-01,1340.87110550118,False,
1927-08-01,1335.1128778968741,False,
1927-09-01,1336.9185759551513,False,
1927-10-01,1333.194735963969,False,
1927-11-01,1329.5649465874258,False,
1927-12-01,1326.726941195075,False,
1928-01-01,1325.4023803033717,False,
1928-02-01,1332.6845832843483,False,
1928-03-01,1340.0793837326885,False,
1928-04-01,1343.9435502418162,False,
1928-05-01,1340.5798608454938,False,
1928-06-01,1343.4591875272108,False,
1928-07-01,1333.696151318928,False,
1928-08-01,1327.9379237146222,False,
1928-09-01,1329.7436217728994,False,
1928-10-01,1326.019781781717,False,
1928-11-01,1322.3899924051739,False,
1928-12-01,1319.551987012823,False,
1929-01-01,1318.2274261211198,False,
1929-02-01,1325.5096291020964,False,
1929-03-01,1332.9044295504366,False,
1929-04-01,1336.7685960595643,False,
1929-05-01,1333.404906663242,False,
1929-06-01,1336.284233344959,False,
1929-07-01,1326.5211971366762,False,
1929-08-01,1320.7629695323703,False,
1929-09-01,1322.5686675906475,False,
1929-10-01,1318.8448275994651,False,
1929-11-01,1315.215038222922,False,
1929-12-01,1312.3770328305711,False,
1930-01-01,1311.052471938868,False,
1930-02-01,1318.3346749198445,False,
1930-03-01,1325.7294753681847,False,
1930-04-01,1329.5936418773124,False,
1930-05-01,1326.22995248099,False,
1930-06-01,1329.109279162707,False,
1930-07-01,1319.3462429544243,False,
1930-08-01,1313.5880153501184,False,
1930-09-01,1315.3937134083956,False,
1930-10-01,1311.6698734172132,False,
1930-11-01,1308.04008404067,False,
1930-12-01,1305.2020786483192,False,
1931-01-01,1303.877517756616,False,
1931-02-01,1311.1597207375926,False,
1931-03-01,1318.5545211859328,False,
1931-04-01,1322.4186876950605,False,
1931-05-01,1319.0549982987382,False,
1931-06-01,1321.9343249804551,False,
1931-07-01,1312.1712887721724,False,
1931-08-01,1306.4130611678665,False,
1931-09-01,1308.2187592261437,False,
1931-10-01,1304.4949192349613,False,
1931-11-01,1300.8651298584182,False,
1931-12-01,1298.0271244660673,False,
1932-01-01,1296.7025635743641,False,
1932-02-01,1303.9847665553407,False,
1932-03-01,1311.379567003681,False,
1932-04-01,1315.2437335128086,False,
1932-05-01,1311.8800441164863,False,
1932-06-01,1314.7593707982032,False,
1932-07-01,1304.9963345899205,False,
1932-08-01,1299.2381069856146,False,
1932-09-01,1301.0438050438918,False,
1932-10-01,1297.3199650527094,False,
1932-11-01,1293.6901756761663,False,
1932-12-01,1290.8521702838154,False,
1933-01-01,1289.5276093921123,False,
1933-02-01,1296.8098123730888,False,
1933-03-01,1304.204612821429,False,
1933-04-01,1308.0687793305567,False,
1933-05-01,1304.7050899342344,False,
1933-06-01,1307.5844166159513,False,
1933-07-01,1297.8213804076686,False,
1933-08-01,1292.0631528033628,False,
1933-09-01,1293.8688508616399,False,
1933-10-01,1290.1450108704576,False,
1933-11-01,1286.5152214939144,False,
1933-12-01,1283.6772161015635,False,
1934-01-01,1282.3526552098604,False,
1934-02-01,1289.634858190837,False,
1934-03-01,1297.0296586391771,False,
1934-04-01,1300.8938251483048,False,
1934-05-01,1297.5301357519825,False,
1934-06-01,1300.4094624336994,False,
1934-07-01,1290.6464262254167,False,
1934-08-01,1284.8881986211109,False,
1934-09-01,1286.693896679388,False,
1934-10-01,1282.9700566882057,False,
1934-11-01,1279.3402673116625,False,
1934-12-01,1276.5022619193116,False,
1935-01-01,1275.1777010276085,False,
1935-02-01,1282.459904008585,False,
1935-03-01,1289.8547044569252,False,
1935-04-01,1293.718870966053,False,
1935-05-01,1290.3551815697306,False,
1935-06-01,1293.2345082514476,False,
1935-07-01,1283.4714720431648,False,
1935-08-01,1277.713244438859,False,
1935-09-01,1279.518942497136,False,
1935-10-01,1275.7951025059538,False,
1935-11-01,1272.1653131294106,False,
1935-12-01,1269.3273077370598,False,
1936-01-01,1268.0027468453566,False,
1936-02-01,1275.284949826333,False,
1936-03-01,1282.6797502746733,False,
1936-04-01,1286.543916783801,False,
1936-05-01,1283.1802273874787,False,
1936-06-01,1286.0595540691957,False,
1936-07-01,1276.296517860913,False,
1936-08-01,1270.538290256607,False,
1936-09-01,1272.3439883148842,False,
1936-10-01,1268.6201483237019,False,
1936-11-01,1264.9903589471587,False,
1936-12-01,1262.1523535548079,False,
1937-01-01,1260.8277926631047,False,
1937-02-01,1268.1099956440812,False,
1937-03-01,1275.5047960924214,False,
1937-04-01,1279.3689626015491,False,
1937-05-01,1276.0052732052268,False,
1937-06-01,1278.8845998869438,False,
1937-07-01,1269.121563678661,False,
1937-08-01,1263.3633360743552,False,
1937-09-01,1265.1690341326323,False,
1937-10-01,1261.44519414145,False,
1937-11-01,1257.8154047649068,False,
1937-12-01,1254.977399372556,False,
1938-01-01,1253.6528384808528,False,
1938-02-01,1260.9350414618293,False,
1938-03-01,1268.3298419101695,False,
1938-04-01,1272.1940084192972,False,
1938-05-01,1268.830319022975,False,
1938-06-01,1271.7096457046919,False,
1938-07-01,1261.946609496409,False,
1938-08-01,1256.1883818921033,False,
1938-09-01,1257.9940799503804,False,
1938-10-01,1254.270239959198,False,
1938-11-01,1250.640450582655,False,
1938-12-01,1247.802445190304,False,
1939-01-01,1246.4778842986009,False,
1939-02-01,1253.7600872795774,False,
1939-03-01,1261.1548877279176,False,
1939-04-01,1265.0190542370453,False,
1939-05-01,1261.655364840723,False,
1939-06-01,1264.53469152244,False,
1939-07-01,1254.7716553141572,False,
1939-08-01,1249.0134277098514,False,
1939-09-01,1250.8191257681285,False,
1939-10-01,1247.0952857769462,False,
1939-11-01,1243.465496400403,False,
1939-12-01,1240.6274910080522,False,
1940-01-01,1239.302930116349,False,
1940-02-01,1246.5851330973255,False,
1940-03-01,1253.9799335456657,False,
1940-04-01,1257.8441000547934,False,
1940-05-01,1254.480410658471,False,
1940-06-01,1257.359737340188,False,
1940-07-01,1247.5967011319053,False,
1940-08-01,1241.8384735275995,False,
1940-09-01,1243.6441715858766,False,
1940-10-01,1239.9203315946943,False,
1940-11-01,1236.2905422181511,False,
1940-12-01,1233.4525368258003,False,
1941-01-01,1232.127975934097,False,
1941-02-01,1239.4101789150736,False,
1941-03-01,1246.8049793634138,False,
1941-04-01,1250.6691458725415,False,
1941-05-01,1247.3054564762192,False,
1941-06-01,1250.1847831579362,False,
1941-07-01,1240.4217469496534,False,
1941-08-01,1234.6635193453476,False,
1941-09-01,1236.4692174036247,False,
1941-10-01,1232.7453774124424,False,
1941-11-01,1229.1155880358992,False,
1941-12-01,1226.2775826435484,False,
1942-01-01,1224.9530217518452,False,
1942-02-01,1232.2352247328217,False,
1942-03-01,1239.630025181162,False,
1942-04-01,1243.4941916902897,False,
1942-05-01,1240.1305022939673,False,
1942-06-01,1243.0098289756843,False,
1942-07-01,1233.2467927674015,False,
1942-08-01,1227.4885651630957,False,
1942-09-01,1229.2942632213728,False,
1942-10-01,1225.5704232301905,False,
1942-11-01,1221.9406338536473,False,
1942-12-01,1219.1026284612965,False,
1943-01-01,1217.7780675695933,False,
1943-02-01,1225.0602705505698,False,
1943-03-01,1232.45507099891,False,
1943-04-01,1236.3192375080378,False,
1943-05-01,1232.9555481117154,False,
1943-06-01,1235.8348747934324,False,
1943-07-01,1226.0718385851496,False,
1943-08-01,1220.3136109808438,False,
1943-09-01,1222.119309039121,False,
1943-10-01,1218.3954690479386,False,
1943-11-01,1214.7656796713954,False,
1943-12-01,1211.9276742790446,False,
1944-01-01,1210.6031133873414,False,
1944-02-01,1217.885316368318,False,
1944-03-01,1225.2801168166582,False,
1944-04-01,1229.1442833257859,False,
1944-05-01,1225.7805939294635,False,
1944-06-01,1228.6599206111805,False,
1944-07-01,1218.8968844028977,False,
1944-08-01,1213.138656798592,False,
1944-09-01,1214.944354856869,False,
1944-10-01,1211.2205148656867,False,
1944-11-01,1207.5907254891436,False,
1944-12-01,1204.7527200967927,False,
1945-01-01,1203.4281592050895,False,
1945-02-01,1210.710362186066,False,
1945-03-01,1218.1051626344063,False,
1945-04-01,1221.969329143534,False,
1945-05-01,1218.6056397472116,False,
1945-06-01,1221.4849664289286,False,
1945-07-01,1211.7219302206458,False,
1945-08-01,1205.96370261634,False,
1945-09-01,1207.7694006746171,False,
1945-10-01,1204.0455606834348,False,
1945-11-01,1200.4157713068917,False,
1945-12-01,1197.5777659145408,False,
1946-01-01,1196.2532050228376,False,
1946-02-01,1203.5354080038142,False,
1946-03-01,1210.9302084521544,False,
1946-04-01,1214.794374961282,False,
1946-05-01,1211.4306855649597,False,
1946-06-01,1214.3100122466767,False,
1946-07-01,1204.546976038394,False,
1946-08-01,1198.7887484340881,False,
1946-09-01,1200.5944464923653,False,
1946-10-01,1196.870606501183,False,
1946-11-01,1193.2408171246398,False,
1946-12-01,1190.402811732289,False,
1947-01-01,1189.0782508405857,False,
1947-02-01,1196.3604538215623,False,
1947-03-01,1203.7552542699025,False,
1947-04-01,1207.6194207790302,False,
1947-05-01,1204.2557313827078,False,
1947-06-01,1207.1350580644248,False,
1947-07-01,1197.372021856142,False,
1947-08-01,1191.6137942518362,False,
1947-09-01,1193.4194923101134,False,
1947-10-01,1189.695652318931,False,
1947-11-01,1186.0658629423879,False,
1947-12-01,1183.227857550037,False,
1948-01-01,1181.9032966583338,False,
1948-02-01,1189.1854996393104,False,
1948-03-01,1196.5803000876506,False,
1948-04-01,1200.4444665967783,False,
1948-05-01,1197.080777200456,False,
1948-06-01,1199.960103882173,False,
1948-07-01,1190.1970676738902,False,
1948-08-01,1184.4388400695843,False,
1948-09-01,1186.2445381278615,False,
1948-10-01,1182.5206981366791,False,
1948-11-01,1178.890908760136,False,
1948-12-01,1176.0529033677851,False,
1949-01-01,1174.728342476082,False,
1949-02-01,1182.0105454570585,False,
1949-03-01,1189.4053459053987,False,
1949-04-01,1193.2695124145264,False,
1949-05-01,1189.905823018204,False,
1949-06-01,1192.785149699921,False,
1949-07-01,1183.0221134916383,False,
1949-08-01,1177.2638858873324,False,
1949-09-01,1179.0695839456096,False,
1949-10-01,1175.3457439544272,False,
1949-11-01,1171.715954577884,False,
1949-12-01,1168.8779491855332,False,
1950-01-01,1167.55338829383,False,
1950-02-01,1174.8355912748066,False,
1950-03-01,1182.2303917231468,False,
1950-04-01,1186.0945582322745,False,
1950-05-01,1182.7308688359522,False,
1950-06-01,1185.6101955176691,False,
1950-07-01,1175.8471593093864,False,
1950-08-01,1170.0889317050805,False,
1950-09-01,1171.8946297633577,False,
1950-10-01,1168.1707897721753,False,
1950-11-01,1164.5410003956322,False,
1950-12-01,1161.7029950032813,False,
1951-01-01,1160.3784341115781,False,
1951-02-01,1167.6606370925547,False,
1951-03-01,1175.055437540895,False,
1951-04-01,1178.9196040500226,False,
1951-05-01,1175.5559146537003,False,
1951-06-01,1178.4352413354172,False,
1951-07-01,1168.6722051271345,False,
1951-08-01,1162.9139775228286,False,
1951-09-01,1164.7196755811058,False,
1951-10-01,1160.9958355899234,False,
1951-11-01,1157.3660462133803,False,
1951-12-01,1154.5280408210294,False,
1952-01-01,1153.2034799293262,False,
1952-02-01,1160.4856829103028,False,
1952-03-01,1167.880483358643,False,
1952-04-01,1171.7446498677707,False,
1952-05-01,1168.3809604714484,False,
1952-06-01,1171.2602871531653,False,
1952-07-01,1161.4972509448826,False,
1952-08-01,1155.7390233405768,False,
1952-09-01,1157.5447213988539,False,
1952-10-01,1153.8208814076715,False,
1952-11-01,1150.1910920311284,False,
1952-12-01,1147.3530866387775,False,
1953-01-01,1146.0285257470744,False,
1953-02-01,1153.310728728051,False,
1953-03-01,1160.705529176391,False,
1953-04-01,1164.5696956855188,False,
1953-05-01,1161.2060062891965,False,
1953-06-01,1164.0853329709134,False,
1953-07-01,1154.3222967626307,False,
1953-08-01,1148.5640691583249,False,
1953-09-01,1150.369767216602,False,
1953-10-01,1146.6459272254197,False,
1953-11-01,1143.0161378488765,False,
1953-12-01,1140.1781324565256,False,
1954-01-01,1138.8535715648225,False,
1954-02-01,1146.135774545799,False,
1954-03-01,1153.5305749941392,False,
1954-04-01,1157.394741503267,False,
1954-05-01,1154.0310521069446,False,
1954-06-01,1156.9103787886615,False,
1954-07-01,1147.1473425803788,False,
1954-08-01,1141.389114976073,False,
1954-09-01,1143.19481303435,False,
1954-10-01,1139.4709730431678,False,
1954-11-01,1135.8411836666244,False,
1954-12-01,1133.0031782742738,False,
1955-01-01,1131.6786173825706,False,
1955-02-01,1138.960820363547,False,
1955-03-01,1146.3556208118873,False,
1955-04-01,1150.219787321015,False,
1955-05-01,1146.8560979246927,False,
1955-06-01,1149.7354246064097,False,
1955-07-01,1139.972388398127,False,
1955-08-01,1134.214160793821,False,
1955-09-01,1136.0198588520982,False,
1955-10-01,1132.2960188609159,False,
1955-11-01,1128.6662294843725,False,
1955-12-01,1125.8282240920219,False,
1956-01-01,1124.5036632003187,False,
1956-02-01,1131.7858661812952,False,
1956-03-01,1139.1806666296354,False,
1956-04-01,1143.0448331387631,False,
1956-05-01,1139.6811437424408,False,
1956-06-01,1142.5604704241578,False,
1956-07-01,1132.797434215875,False,
1956-08-01,1127.0392066115692,False,
1956-09-01,1128.8449046698463,False,
1956-10-01,1125.121064678664,False,
1956-11-01,1121.4912753021206,False,
1956-12-01,1118.65326990977,False,
1957-01-01,1117.3287090180668,False,
1957-02-01,1124.6109119990433,False,
1957-03-01,1132.0057124473835,False,
1957-04-01,1135.8698789565112,False,
1957-05-01,1132.506189560189,False,
1957-06-01,1135.3855162419059,False,
1957-07-01,1125.622480033623,False,
1957-08-01,1119.8642524293173,False,
1957-09-01,1121.6699504875944,False,
1957-10-01,1117.946110496412,False,
1957-11-01,1114.3163211198687,False,
1957-12-01,1111.478315727518,False,
1958-01-01,1110.1537548358149,False,
1958-02-01,1117.4359578167914,False,
1958-03-01,1124.8307582651316,False,
1958-04-01,1128.6949247742593,False,
1958-05-01,1125.331235377937,False,
1958-06-01,1128.210562059654,False,
1958-07-01,1118.4475258513712,False,
1958-08-01,1112.6892982470654,False,
1958-09-01,1114.4949963053425,False,
1958-10-01,1110.7711563141602,False,
1958-11-01,1107.1413669376168,False,
1958-12-01,1104.3033615452662,False,
1959-01-01,1102.978800653563,False,
1959-02-01,1110.2610036345395,False,
1959-03-01,1117.6558040828797,False,
1959-04-01,1121.5199705920074,False,
1959-05-01,1118.156281195685,False,
1959-06-01,1121.035607877402,False,
1959-07-01,1111.2725716691193,False,
1959-08-01,1105.5143440648135,False,
1959-09-01,1107.3200421230906,False,
1959-10-01,1103.5962021319083,False,
1959-11-01,1099.966412755365,False,
1959-12-01,1097.1284073630143,False,
1960-01-01,1095.803846471311,False,
1960-02-01,1103.0860494522876,False,
1960-03-01,1110.4808499006278,False,
1960-04-01,1114.3450164097555,False,
1960-05-01,1110.9813270134332,False,
1960-06-01,1113.8606536951502,False,
1960-07-01,1104.0976174868674,False,
1960-08-01,1098.3393898825616,False,
1960-09-01,1100.1450879408387,False,
1960-10-01,1096.4212479496564,False,
1960-11-01,1092.791458573113,False,
1960-12-01,1089.9534531807624,False,
1961-01-01,1088.6288922890592,False,
1961-02-01,1095.9110952700357,False,
1961-03-01,1103.305895718376,False,
1961-04-01,1107.1700622275036,False,
1961-05-01,1103.8063728311813,False,
1961-06-01,1106.6856995128983,False,
1961-07-01,1096.9226633046155,False,
1961-08-01,1091.1644357003097,False,
1961-09-01,1092.9701337585868,False,
1961-10-01,1089.2462937674045,False,
1961-11-01,1085.616504390861,False,
1961-12-01,1082.7784989985105,False,
1962-01-01,1081.4539381068073,False,
1962-02-01,1088.7361410877838,False,
1962-03-01,1096.130941536124,False,
1962-04-01,1099.9951080452518,False,
1962-05-01,1096.6314186489294,False,
1962-06-01,1099.5107453306464,False,
1962-07-01,1089.7477091223636,False,
1962-08-01,1083.9894815180578,False,
1962-09-01,1085.795179576335,False,
1962-10-01,1082.0713395851526,False,
1962-11-01,1078.4415502086092,False,
1962-12-01,1075.6035448162586,False,
1963-01-01,1074.2789839245554,False,
1963-02-01,1081.561186905532,False,
1963-03-01,1088.9559873538722,False,
1963-04-01,1092.8201538629999,False,
1963-05-01,1089.4564644666775,False,
1963-06-01,1092.3357911483945,False,
1963-07-01,1082.5727549401117,False,
1963-08-01,1076.814527335806,False,
1963-09-01,1078.620225394083,False,
1963-10-01,1074.8963854029007,False,
1963-11-01,1071.2665960263573,False,
1963-12-01,1068.4285906340067,False,
1964-01-01,1067.1040297423035,False,
1964-02-01,1074.38623272328,False,
1964-03-01,1081.7810331716203,False,
1964-04-01,1085.645199680748,False,
1964-05-01,1082.2815102844256,False,
1964-06-01,1085.1608369661426,False,
1964-07-01,1075.3978007578598,False,
1964-08-01,1069.639573153554,False,
1964-09-01,1071.4452712118311,False,
1964-10-01,1067.7214312206488,False,
1964-11-01,1064.0916418441054,False,
1964-12-01,1061.2536364517548,False,
1965-01-01,1059.9290755600516,False,
1965-02-01,1067.2112785410282,False,
1965-03-01,1074.6060789893684,False,
1965-04-01,1078.470245498496,False,
1965-05-01,1075.1065561021737,False,
1965-06-01,1077.9858827838907,False,
1965-07-01,1068.222846575608,False,
1965-08-01,1062.4646189713021,False,
1965-09-01,1064.2703170295792,False,
1965-10-01,1060.546477038397,False,
1965-11-01,1056.9166876618535,False,
1965-12-01,1054.078682269503,False,
1966-01-01,1052.7541213777997,False,
1966-02-01,1060.0363243587763,False,
1966-03-01,1067.4311248071165,False,
1966-04-01,1071.2952913162442,False,
1966-05-01,1067.9316019199218,False,
1966-06-01,1070.8109286016388,False,
1966-07-01,1061.047892393356,False,
1966-08-01,1055.2896647890502,False,
1966-09-01,1057.0953628473274,False,
1966-10-01,1053.371522856145,False,
1966-11-01,1049.7417334796016,False,
1966-12-01,1046.903728087251,False,
1967-01-01,1045.5791671955478,False,
1967-02-01,1052.8613701765244,False,
1967-03-01,1060.2561706248646,False,
1967-04-01,1064.1203371339923,False,
1967-05-01,1060.75664773767,False,
1967-06-01,1063.635974419387,False,
1967-07-01,1053.8729382111042,False,
1967-08-01,1048.1147106067983,False,
1967-09-01,1049.9204086650755,False,
1967-10-01,1046.1965686738931,False,
1967-11-01,1042.5667792973497,False,
1967-12-01,1039.7287739049991,False,
1968-01-01,1038.404213013296,False,
1968-02-01,1045.6864159942725,False,
1968-03-01,1053.0812164426127,False,
1968-04-01,1056.9453829517404,False,
1968-05-01,1053.581693555418,False,
1968-06-01,1056.461020237135,False,
1968-07-01,1046.6979840288523,False,
1968-08-01,1040.9397564245464,False,
1968-09-01,1042.7454544828236,False,
1968-10-01,1039.0216144916412,False,
1968-11-01,1035.3918251150978,False,
1968-12-01,1032.5538197227472,False,
1969-01-01,1031.229258831044,False,
1969-02-01,1038.5114618120206,False,
1969-03-01,1045.9062622603608,False,
1969-04-01,1049.7704287694885,False,
1969-05-01,1046.4067393731661,False,
1969-06-01,1049.2860660548831,False,
1969-07-01,1039.5230298466004,False,
1969-08-01,1033.7648022422945,False,
1969-09-01,1035.5705003005717,False,
1969-10-01,1031.8466603093893,False,
1969-11-01,1028.216870932846,False,
1969-12-01,1025.3788655404953,False,
1970-01-01,1024.0543046487921,False,
1970-02-01,1031.3365076297687,False,
1970-03-01,1038.731308078109,False,
1970-04-01,1042.5954745872366,False,
1970-05-01,1039.2317851909143,False,
1970-06-01,1042.1111118726312,False,
1970-07-01,1032.3480756643485,False,
1970-08-01,1026.5898480600426,False,
1970-09-01,1028.3955461183198,False,
1970-10-01,1024.6717061271374,False,
1970-11-01,1021.0419167505942,False,
1970-12-01,1018.2039113582434,False,
1971-01-01,1016.8793504665402,False,
1971-02-01,1024.1615534475168,False,
1971-03-01,1031.556353895857,False,
1971-04-01,1035.4205204049847,False,
1971-05-01,1032.0568310086624,False,
1971-06-01,1034.9361576903793,False,
1971-07-01,1025.1731214820968,False,
1971-08-01,1019.414893877791,False,
1971-09-01,1021.2205919360682,False,
1971-10-01,1017.496751944886,False,
1971-11-01,1013.8669625683428,False,
1971-12-01,1011.0289571759922,False,
1972-01-01,1009.7043962842891,False,
1972-02-01,1016.9865992652658,False,
1972-03-01,1024.381399713606,False,
1972-04-01,1028.245566222734,False,
1972-05-01,1024.8818768264116,False,
1972-06-01,1027.7612035081288,False,
1972-07-01,1017.9981672998463,False,
1972-08-01,1012.2399396955404,False,
1972-09-01,1014.0456377538177,False,
1972-10-01,1010.3217977626355,False,
1972-11-01,1006.6920083860923,False,
1972-12-01,1003.8540029937417,False,
1973-01-01,1002.5294421020386,False,
1973-02-01,1009.8116450830153,False,
1973-03-01,1017.2064455313555,False,
1973-04-01,1021.0706120404833,False,
1973-05-01,1017.7069226441611,False,
1973-06-01,1020.5862493258784,False,
1973-07-01,1010.8232131175957,False,
1973-08-01,1005.0649855132899,False,
1973-09-01,1006.8706835715672,False,
1973-10-01,1003.1468435803849,False,
1973-11-01,999.5170542038418,False,
1973-12-01,996.6790488114912,False,
1974-01-01,995.3544879197881,False,
1974-02-01,1002.6366909007647,False,
1974-03-01,1010.031491349105,False,
1974-04-01,1013.8956578582328,False,
1974-05-01,1010.5319684619105,False,
1974-06-01,1013.4112951436279,False,
1974-07-01,1003.6482589353452,False,
1974-08-01,997.8900313310394,False,
1974-09-01,999.6957293893166,False,
1974-10-01,995.9718893981344,False,
1974-11-01,992.3421000215912,False,
1974-12-01,989.5040946292406,False,
1975-01-01,988.1795337375376,False,
1975-02-01,995.4617367185142,False,
1975-03-01,1002.8565371668544,False,
1975-04-01,1006.7207036759822,False,
1975-05-01,1003.35701427966,False,
1975-06-01,1006.2363409613773,False,
1975-07-01,996.4733047530947,False,
1975-08-01,990.7150771487889,False,
1975-09-01,992.5207752070661,False,
1975-10-01,988.7969352158839,False,
1975-11-01,985.1671458393407,False,
1975-12-01,982.3291404469901,False,
1976-01-01,981.004579555287,False,
1976-02-01,988.2867825362637,False,
1976-03-01,995.6815829846039,False,
1976-04-01,999.5457494937317,False,
1976-05-01,996.1820600974095,False,
1976-06-01,999.0613867791268,False,
1976-07-01,989.2983505708441,False,
1976-08-01,983.5401229665383,False,
1976-09-01,985.3458210248156,False,
1976-10-01,981.6219810336333,False,
1976-11-01,977.9921916570902,False,
1976-12-01,975.1541862647396,False,
1977-01-01,973.8296253730365,False,
1977-02-01,981.1118283540131,False,
1977-03-01,988.5066288023534,False,
1977-04-01,992.3707953114812,False,
1977-05-01,989.007105915159,False,
1977-06-01,991.8864325968763,False,
1977-07-01,982.1233963885936,False,
1977-08-01,976.3651687842878,False,
1977-09-01,978.170866842565,False,
1977-10-01,974.4470268513828,False,
1977-11-01,970.8172374748397,False,
1977-12-01,967.979232082489,False,
1978-01-01,966.654671190786,False,
1978-02-01,973.9368741717626,False,
1978-03-01,981.3316746201028,False,
1978-04-01,985.1958411292306,False,
1978-05-01,981.8321517329084,False,
1978-06-01,984.7114784146257,False,
1978-07-01,974.9484422063431,False,
1978-08-01,969.1902146020373,False,
1978-09-01,970.9959126603145,False,
1978-10-01,967.2720726691323,False,
1978-11-01,963.6422832925891,False,
1978-12-01,960.8042779002385,False,
1979-01-01,959.4797170085354,False,
1979-02-01,966.7619199895121,False,
1979-03-01,974.1567204378523,False,
1979-04-01,978.0208869469801,False,
1979-05-01,974.6571975506579,False,
1979-06-01,977.5365242323752,False,
1979-07-01,967.7734880240926,False,
1979-08-01,962.0152604197867,False,
1979-09-01,963.820958478064,False,
1979-10-01,960.0971184868818,False,
1979-11-01,956.4673291103386,False,
1979-12-01,953.629323717988,False,
1980-01-01,952.3047628262849,False,
1980-02-01,959.5869658072615,False,
1980-03-01,966.9817662556018,False,
1980-04-01,970.8459327647296,False,
1980-05-01,967.4822433684074,False,
1980-06-01,970.3615700501247,False,
1980-07-01,960.598533841842,False,
1980-08-01,954.8403062375362,False,
1980-09-01,956.6460042958134,False,
1980-10-01,952.9221643046312,False,
1980-11-01,949.2923749280881,False,
1980-12-01,946.4543695357374,False,
1981-01-01,945.1298086440343,False,
1981-02-01,952.412011625011,False,
1981-03-01,959.8068120733512,False,
1981-04-01,963.670978582479,False,
1981-05-01,960.3072891861568,False,
1981-06-01,963.1866158678741,False,
1981-07-01,953.4235796595915,False,
1981-08-01,947.6653520552858,False,
1981-09-01,949.4710501135629,False,
1981-10-01,945.7472101223807,False,
1981-11-01,942.1174207458375,False,
1981-12-01,939.2794153534869,False,
1982-01-01,937.9548544617838,False,
1982-02-01,945.2370574427605,False,
1982-03-01,952.6318578911007,False,
1982-04-01,956.4960244002285,False,
1982-05-01,953.1323350039063,False,
1982-06-01,956.0116616856236,False,
1982-07-01,946.248625477341,False,
1982-08-01,940.4903978730352,False,
1982-09-01,942.2960959313124,False,
1982-10-01,938.5722559401302,False,
1982-11-01,934.942466563587,False,
1982-12-01,932.1044611712364,False,
1983-01-01,930.7799002795332,False,
1983-02-01,938.06210326051,False,
1983-03-01,945.4569037088502,False,
1983-04-01,949.321070217978,False,
1983-05-01,945.9573808216558,False,
1983-06-01,948.8367075033731,False,
1983-07-01,939.0736712950904,False,
1983-08-01,933.3154436907847,False,
1983-09-01,935.1211417490618,False,
1983-10-01,931.3973017578796,False,
1983-11-01,927.7675123813365,False,
1983-12-01,924.9295069889858,False,
1984-01-01,923.6049460972827,False,
1984-02-01,930.8871490782594,False,
1984-03-01,938.2819495265996,False,
1984-04-01,942.1461160357275,False,
1984-05-01,938.7824266394052,False,
1984-06-01,941.6617533211225,False,
1984-07-01,931.8987171128399,False,
1984-08-01,926.1404895085342,False,
1984-09-01,927.9461875668113,False,
1984-10-01,924.2223475756291,False,
1984-11-01,920.5925581990859,False,
1984-12-01,917.7545528067353,False,
1985-01-01,916.4299919150321,False,
1985-02-01,923.7121948960089,False,
1985-03-01,931.1069953443491,False,
1985-04-01,934.9711618534769,False,
1985-05-01,931.6074724571547,False,
1985-06-01,934.486799138872,False,
1985-07-01,924.7237629305894,False,
1985-08-01,918.9655353262837,False,
1985-09-01,920.7712333845608,False,
1985-10-01,917.0473933933786,False,
1985-11-01,913.4176040168354,False,
1985-12-01,910.5795986244848,False,
1986-01-01,909.2550377327816,False,
1986-02-01,916.5372407137584,False,
1986-03-01,923.9320411620986,False,
1986-04-01,927.7962076712264,False,
1986-05-01,924.4325182749042,False,
1986-06-01,927.3118449566215,False,
1986-07-01,917.5488087483388,False,
1986-08-01,911.7905811440331,False,
1986-09-01,913.5962792023103,False,
1986-10-01,909.872439211128,False,
1986-11-01,906.2426498345849,False,
1986-12-01,903.4046444422343,False,
1987-01-01,902.0800835505311,False,
1987-02-01,909.3622865315078,False,
1987-03-01,916.757086979848,False,
1987-04-01,920.6212534889759,False,
1987-05-01,917.2575640926536,False,
1987-06-01,920.136890774371,False,
1987-07-01,910.3738545660883,False,
1987-08-01,904.6156269617826,False,
1987-09-01,906.4213250200597,False,
1987-10-01,902.6974850288775,False,
1987-11-01,899.0676956523344,False,
1987-12-01,896.2296902599837,False,
1988-01-01,894.9051293682805,False,
1988-02-01,902.1873323492573,False,
1988-03-01,909.5821327975975,False,
1988-04-01,913.4462993067253,False,
1988-05-01,910.0826099104031,False,
1988-06-01,912.9619365921204,False,
1988-07-01,903.1989003838378,False,
1988-08-01,897.4406727795321,False,
1988-09-01,899.2463708378092,False,
1988-10-01,895.522530846627,False,
1988-11-01,891.8927414700838,False,
1988-12-01,889.0547360777332,False,
1989-01-01,887.73017518603,False,
1989-02-01,895.0123781670068,False,
1989-03-01,902.407178615347,False,
1989-04-01,906.2713451244748,False,
1989-05-01,902.9076557281526,False,
1989-06-01,905.7869824098699,False,
1989-07-01,896.0239462015873,False,
1989-08-01,890.2657185972814,False,
1989-09-01,892.0714166555587,False,
1989-10-01,888.3475766643764,False,
1989-11-01,884.7177872878333,False,
1989-12-01,881.8797818954827,False,
1990-01-01,880.5552210037795,False,
1990-02-01,887.8374239847562,False,
1990-03-01,895.2322244330965,False,
1990-04-01,899.0963909422243,False,
1990-05-01,895.732701545902,False,
1990-06-01,898.6120282276194,False,
1990-07-01,888.8489920193367,False,
1990-08-01,883.0907644150309,False,
1990-09-01,884.8964624733081,False,
1990-10-01,881.1726224821259,False,
1990-11-01,877.5428331055828,False,
1990-12-01,874.7048277132321,False,
1991-01-01,873.380266821529,False,
1991-02-01,880.6624698025057,False,
1991-03-01,888.0572702508459,False,
1991-04-01,891.9214367599737,False,
1991-05-01,888.5577473636515,False,
1991-06-01,891.4370740453688,False,
1991-07-01,881.6740378370862,False,
1991-08-01,875.9158102327804,False,
1991-09-01,877.7215082910576,False,
1991-10-01,873.9976682998754,False,
1991-11-01,870.3678789233322,False,
1991-12-01,867.5298735309816,False,
1992-01-01,866.2053126392784,False,
1992-02-01,873.4875156202552,False,
1992-03-01,880.8823160685954,False,
1992-04-01,884.7464825777232,False,
1992-05-01,881.382793181401,False,
1992-06-01,884.2621198631183,False,
1992-07-01,874.4990836548357,False,
1992-08-01,868.7408560505298,False,
1992-09-01,870.5465541088071,False,
1992-10-01,866.8227141176249,False,
1992-11-01,863.1929247410817,False,
1992-12-01,860.3549193487311,False,
1993-01-01,859.0303584570279,False,
1993-02-01,866.3125614380046,False,
1993-03-01,873.7073618863449,False,
1993-04-01,877.5715283954727,False,
1993-05-01,874.2078389991505,False,
1993-06-01,877.0871656808678,False,
1993-07-01,867.3241294725851,False,
1993-08-01,861.5659018682793,False,
1993-09-01,863.3715999265565,False,
1993-10-01,859.6477599353743,False,
1993-11-01,856.0179705588312,False,
1993-12-01,853.1799651664805,False,
1994-01-01,851.8554042747774,False,
1994-02-01,859.1376072557541,False,
1994-03-01,866.5324077040943,False,
1994-04-01,870.3965742132222,False,
1994-05-01,867.0328848168999,False,
1994-06-01,869.9122114986172,False,
1994-07-01,860.1491752903346,False,
1994-08-01,854.3909476860288,False,
1994-09-01,856.196645744306,False,
1994-10-01,852.4728057531238,False,
1994-11-01,848.8430163765806,False,
1994-12-01,846.00501098423,False,
1995-01-01,844.6804500925269,False,
1995-02-01,851.9626530735036,False,
1995-03-01,859.3574535218438,False,
1995-04-01,863.2216200309716,False,
1995-05-01,859.8579306346494,False,
1995-06-01,862.7372573163667,False,
1995-07-01,852.9742211080841,False,
1995-08-01,847.2159935037782,False,
1995-09-01,849.0216915620555,False,
1995-10-01,845.2978515708733,False,
1995-11-01,841.6680621943301,False,
1995-12-01,838.8300568019795,False,
1996-01-01,837.5054959102763,False,
1996-02-01,844.7876988912531,False,
1996-03-01,852.1824993395933,False,
1996-04-01,856.0466658487211,False,
1996-05-01,852.6829764523989,False,
1996-06-01,855.5623031341162,False,
1996-07-01,845.7992669258335,False,
1996-08-01,840.0410393215277,False,
1996-09-01,841.846737379805,False,
1996-10-01,838.1228973886227,False,
1996-11-01,834.4931080120796,False,
1996-12-01,831.655102619729,False,
1997-01-01,830.3305417280259,False,
1997-02-01,837.6127447090025,False,
1997-03-01,845.0075451573427,False,
1997-04-01,848.8717116664706,False,
1997-05-01,845.5080222701483,False,
1997-06-01,848.3873489518656,False,
1997-07-01,838.624312743583,False,
1997-08-01,832.8660851392772,False,
1997-09-01,834.6717831975544,False,
1997-10-01,830.9479432063722,False,
1997-11-01,827.318153829829,False,
1997-12-01,824.4801484374784,False,
1998-01-01,823.1555875457753,False,
1998-02-01,830.437790526752,False,
1998-03-01,837.8325909750922,False,
1998-04-01,841.69675748422,False,
1998-05-01,838.3330680878978,False,
1998-06-01,841.2123947696151,False,
1998-07-01,831.4493585613325,False,
1998-08-01,825.6911309570266,False,
1998-09-01,827.4968290153039,False,
1998-10-01,823.7729890241217,False,
1998-11-01,820.1431996475785,False,
1998-12-01,817.3051942552279,False,
1999-01-01,815.9806333635248,False,
1999-02-01,823.2628363445015,False,
1999-03-01,830.6576367928417,False,
1999-04-01,834.5218033019695,False,
1999-05-01,831.1581139056473,False,
1999-06-01,834.0374405873646,False,
1999-07-01,824.274404379082,False,
1999-08-01,818.5161767747761,False,
1999-09-01,820.3218748330534,False,
1999-10-01,816.5980348418711,False,
1999-11-01,812.968245465328,False,
1999-12-01,810.1302400729772,False,
2000-01-01,808.8056791812743,False,
2000-02-01,816.0878821622509,False,
2000-03-01,823.4826826105912,False,
2000-04-01,827.346849119719,False,
2000-05-01,823.9831597233967,False,
2000-06-01,826.862486405114,False,
2000-07-01,817.0994501968314,False,
2000-08-01,811.3412225925256,False,
2000-09-01,813.1469206508028,False,
2000-10-01,809.4230806596206,False,
2000-11-01,805.7932912830775,False,
2000-12-01,802.9552858907268,False,
2001-01-01,801.6307249990238,False,
2001-02-01,808.9129279800004,False,
2001-03-01,816.3077284283406,False,
2001-04-01,820.1718949374684,False,
2001-05-01,816.8082055411462,False,
2001-06-01,819.6875322228635,False,
2001-07-01,809.9244960145809,False,
2001-08-01,804.166268410275,False,
2001-09-01,805.9719664685523,False,
2001-10-01,802.2481264773701,False,
2001-11-01,798.6183371008269,False,
2001-12-01,795.7803317084763,False,
2002-01-01,794.4557708167731,False,
2002-02-01,801.7379737977499,False,
2002-03-01,809.1327742460901,False,
2002-04-01,812.9969407552179,False,
2002-05-01,809.6332513588957,False,
2002-06-01,812.512578040613,False,
2002-07-01,802.7495418323304,False,
2002-08-01,796.9913142280245,False,
2002-09-01,798.7970122863018,False,
2002-10-01,795.0731722951195,False,
2002-11-01,791.4433829185764,False,
2002-12-01,788.6053775262258,False,
2003-01-01,787.2808166345226,False,
2003-02-01,794.5630196154993,False,
2003-03-01,801.9578200638396,False,
2003-04-01,805.8219865729674,False,
2003-05-01,802.4582971766451,False,
2003-06-01,805.3376238583625,False,
2003-07-01,795.5745876500798,False,
2003-08-01,789.816360045774,False,
2003-09-01,791.6220581040512,False,
2003-10-01,787.898218112869,False,
2003-11-01,784.2684287363259,False,
2003-12-01,781.4304233439752,False,
2004-01-01,780.105862452272,False,
2004-02-01,787.3880654332488,False,
2004-03-01,794.782865881589,False,
2004-04-01,798.6470323907168,False,
2004-05-01,795.2833429943946,False,
2004-06-01,798.1626696761119,False,
2004-07-01,788.3996334678293,False,
2004-08-01,782.6414058635235,False,
2004-09-01,784.4471039218007,False,
2004-10-01,780.7232639306185,False,
2004-11-01,777.0934745540753,False,
2004-12-01,774.2554691617247,False,
2005-01-01,772.9309082700215,False,
2005-02-01,780.2131112509983,False,
2005-03-01,787.6079116993385,False,
2005-04-01,791.4720782084663,False,
2005-05-01,788.1083888121441,False,
2005-06-01,790.9877154938614,False,
2005-07-01,781.2246792855788,False,
2005-08-01,775.4664516812729,False,
2005-09-01,777.2721497395502,False,
2005-10-01,773.548309748368,False,
2005-11-01,769.9185203718248,False,
2005-12-01,767.0805149794742,False,
2006-01-01,765.755954087771,False,
2006-02-01,773.0381570687478,False,
2006-03-01,780.432957517088,False,
2006-04-01,784.2971240262158,False,
2006-05-01,780.9334346298936,False,
2006-06-01,783.8127613116109,False,
2006-07-01,774.0497251033282,False,
2006-08-01,768.2914974990224,False,
2006-09-01,770.0971955572996,False,
2006-10-01,766.3733555661174,False,
2006-11-01,762.7435661895743,False,
2006-12-01,759.9055607972236,False,
2007-01-01,758.5809999055205,False,
2007-02-01,765.8632028864972,False,
2007-03-01,773.2580033348374,False,
2007-04-01,777.1221698439653,False,
2007-05-01,773.758480447643,False,
2007-06-01,776.6378071293603,False,
2007-07-01,766.8747709210777,False,
2007-08-01,761.1165433167719,False,
2007-09-01,762.9222413750491,False,
2007-10-01,759.1984013838669,False,
2007-11-01,755.5686120073237,False,
2007-12-01,752.7306066149731,False,
2008-01-01,751.4060457232699,False,
2008-02-01,758.6882487042467,False,
2008-03-01,766.0830491525869,False,
2008-04-01,769.9472156617147,False,
2008-05-01,766.5835262653925,False,
2008-06-01,769.4628529471098,False,
2008-07-01,759.6998167388272,False,
2008-08-01,753.9415891345213,False,
2008-09-01,755.7472871927986,False,
2008-10-01,752.0234472016164,False,
2008-11-01,748.3936578250732,False,
2008-12-01,745.5556524327226,False,
2009-01-01,744.2310915410194,False,
2009-02-01,751.5132945219962,False,
2009-03-01,758.9080949703364,False,
2009-04-01,762.7722614794642,False,
2009-05-01,759.408572083142,False,
2009-06-01,762.2878987648593,False,
2009-07-01,752.5248625565766,False,
2009-08-01,746.7666349522708,False,
2009-09-01,748.572333010548,False,
2009-10-01,744.8484930193658,False,
2009-11-01,741.2187036428227,False,
2009-12-01,738.380698250472,False,
2010-01-01,737.0561373587689,False,
2010-02-01,744.3383403397456,False,
2010-03-01,751.7331407880858,False,
2010-04-01,755.5973072972137,False,
2010-05-01,752.2336179008914,False,
2010-06-01,755.1129445826087,False,
2010-07-01,745.3499083743261,False,
2010-08-01,739.5916807700203,False,
2010-09-01,741.3973788282975,False,
2010-10-01,737.6735388371153,False,
2010-11-01,734.0437494605721,False,
2010-12-01,731.2057440682215,False,
2011-01-01,729.8811831765183,False,
2011-02-01,737.1633861574951,False,
2011-03-01,744.5581866058353,False,
2011-04-01,748.4223531149631,False,
2011-05-01,745.0586637186409,False,
2011-06-01,747.9379904003582,False,
2011-07-01,738.1749541920756,False,
2011-08-01,732.4167265877697,False,
2011-09-01,734.222424646047,False,
2011-10-01,730.4985846548648,False,
2011-11-01,726.8687952783216,False,
2011-12-01,724.030789885971,False,
2012-01-01,722.7062289942678,False,
2012-02-01,729.9884319752446,False,
2012-03-01,737.3832324235848,False,
2012-04-01,741.2473989327126,False,
2012-05-01,737.8837095363904,False,
2012-06-01,740.7630362181077,False,
2012-07-01,731.0,True,731.0
2012-08-01,727.0,True,727.0
2012-09-01,727.0,True,727.0
2012-10-01,738.0,True,738.0
2012-11-01,725.0,True,725.0
2012-12-01,709.0,True,709.0
2013-01-01,703.0,True,703.0
2013-02-01,712.0,True,712.0
2013-03-01,711.0,True,711.0
2013-04-01,738.0,True,738.0
2013-05-01,734.0,True,734.0
2013-06-01,729.0,True,729.0
2013-07-01,718.0,True,718.0
2013-08-01,722.0,True,722.0
2013-09-01,725.0,True,725.0
2013-10-01,720.0,True,720.0
2013-11-01,712.0,True,712.0
2013-12-01,710.0,True,710.0
2014-01-01,712.0,True,712.0
2014-02-01,712.0,True,712.0
2014-03-01,714.0,True,714.0
2014-04-01,714.0,True,714.0
2014-05-01,714.0,True,714.0
2014-06-01,725.0,True,725.0
2014-07-01,718.0,True,718.0
2014-08-01,722.0,True,722.0
2014-09-01,725.0,True,725.0
2014-10-01,720.0,True,720.0
2014-11-01,720.0,True,720.0
2014-12-01,723.0,True,723.0
2015-01-01,730.0,True,730.0
2015-02-01,732.0,True,732.0
2015-03-01,727.0,True,727.0
2015-04-01,729.0,True,729.0
2015-05-01,726.0,True,726.0
2015-06-01,736.0,True,736.0
2015-07-01,742.0,True,742.0
2015-08-01,743.0,True,743.0
2015-09-01,756.0,True,756.0
2015-10-01,758.0,True,758.0
2015-11-01,765.0,True,765.0
2015-12-01,777.0,True,777.0
2016-01-01,779.0,True,779.0
2016-02-01,781.0,True,781.0
2016-03-01,800.0,True,800.0
2016-04-01,831.0,True,831.0
2016-05-01,825.0,True,825.0
2016-06-01,843.0,True,843.0
2016-07-01,846.0,True,846.0
2016-08-01,840.0,True,840.0
2016-09-01,854.0,True,854.0
2016-10-01,846.0,True,846.0
2016-11-01,846.0,True,846.0
2016-12-01,857.0,True,857.0
2017-01-01,888.0,True,888.0
2017-02-01,903.0,True,903.0
2017-03-01,926.0,True,926.0
2017-04-01,940.0,True,940.0
2017-05-01,965.0,True,965.0
2017-06-01,991.0,True,991.0
2017-07-01,1000.0,True,1000.0
2017-08-01,1017.0,True,1017.0
2017-09-01,1020.0,True,1020.0
2017-10-01,1028.0,True,1028.0
2017-11-01,1034.0,True,1034.0
2017-12-01,1037.0,True,1037.0
2018-01-01,1039.0,True,1039.0
2018-02-01,1060.0,True,1060.0
2018-03-01,1071.0,True,1071.0
2018-04-01,1078.0,True,1078.0
2018-05-01,1089.0,True,1089.0
2018-06-01,1095.0,True,1095.0
2018-07-01,1093.0,True,1093.0
2018-08-01,1095.0,True,1095.0
2018-09-01,1116.0,True,1116.0
2018-10-01,1119.0,True,1119.0
2018-11-01,1119.0,True,1119.0
2018-12-01,1113.0,True,1113.0
2019-01-01,1100.0,True,1100.0
2019-02-01,1100.0,True,1100.0
2019-03-01,1100.0,True,1100.0
2019-04-01,1098.0,True,1098.0
2019-05-01,1094.0,True,1094.0
2019-06-01,1078.0,True,1078.0
2019-07-01,1081.0,True,1081.0
2019-08-01,1089.0,True,1089.0
2019-09-01,1096.0,True,1096.0
2019-10-01,1099.0,True,1099.0
2019-11-01,1114.0,True,1114.0
2019-12-01,1120.0,True,1120.0
2020-01-01,1119.0,True,1119.0
2020-02-01,1140.0,True,1140.0
2020-03-01,1168.0,True,1168.0
2020-04-01,1182.0,True,1182.0
2020-05-01,1171.0,True,1171.0
2020-06-01,1166.0,True,1166.0
2020-07-01,1169.0,True,1169.0
2020-08-01,1189.0,True,1189.0
2020-09-01,1196.0,True,1196.0
2020-10-01,1203.0,True,1203.0
2020-11-01,1211.0,True,1211.0
2020-12-01,1210.0,True,1210.0
2021-01-01,1216.0,True,1216.0
2021-02-01,1222.0,True,1222.0
2021-03-01,1240.0,True,1240.0
2021-04-01,1266.0,True,1266.0
2021-05-01,1286.0,True,1286.0
2021-06-01,1306.0,True,1306.0
2021-07-01,1325.0,True,1325.0
2021-08-01,1328.0,True,1328.0
2021-09-01,1323.0,True,1323.0
2021-10-01,1338.0,True,1338.0
2021-11-01,1365.0,True,1365.0
2021-12-01,1385.0,True,1385.0
2022-01-01,1392.0,True,1392.0
2022-02-01,1419.0,True,1419.0
2022-03-01,1452.0,True,1452.0
2022-04-01,1461.0,True,1461.0
2022-05-01,1473.0,True,1473.0
2022-06-01,1493.0,True,1493.0
2022-07-01,1491.0,True,1491.0
2022-08-01,1464.0,True,1464.0
2022-09-01,1451.0,True,1451.0
2022-10-01,1456.0,True,1456.0
2022-11-01,1448.0,True,1448.0
2022-12-01,1453.0,True,1453.0
2023-01-01,1444.0,True,1444.0
2023-02-01,1465.0,True,1465.0
2023-03-01,1484.0,True,1484.0
2023-04-01,1480.0,True,1480.0
2023-05-01,1500.0,True,1500.0
2023-06-01,1496.0,True,1496.0
2023-07-01,1460.0,True,1460.0
2023-08-01,1462.0,True,1462.0
2023-09-01,1491.0,True,1491.0
2023-10-01,1513.0,True,1513.0
2023-11-01,1517.0,True,1517.0
2023-12-01,1515.0,True,1515.0
2024-01-01,1562.0,True,1562.0
2024-02-01,1592.0,True,1592.0
2024-03-01,1614.0,True,1614.0
2024-04-01,1628.0,True,1628.0
2024-05-01,1638.0,True,1638.0
2024-06-01,1654.0,True,1654.0
2024-07-01,1675.0,True,1675.0
2024-08-01,1687.0,True,1687.0
2024-09-01,1733.0,True,1733.0
2024-10-01,1749.0,True,1749.0
2024-11-01,1776.0,True,1776.0
2024-12-01,1819.0,True,1819.0
2025-01-01,1838.0,True,1838.0
2025-02-01,1895.0,True,1895.0
2025-03-01,1944.0,True,1944.0
2025-04-01,1969.0,True,1969.0
2025-05-01,1979.0,True,1979.0
2025-06-01,2043.0,True,2043.0
2025-07-01,2034.0,True,2034.0
2025-08-01,2041.0,True,2041.0
2025-09-01,2070.0,True,2070.0
2025-10-01,2070.0,True,2070.0
