price_trend_logistic,residual_smoothed,price_final,is_observed
0.04000104201082042,0.0,0.04000104201082042,False
0.04028773041465635,0.0,0.04028773041465635,False
0.04057647352098907,0.0,0.04057647352098907,False
0.04086728605591953,0.0,0.04086728605591953,False
0.04116018285109072,0.0,0.04116018285109072,False
0.041455178844444725,0.0,0.041455178844444725,False
0.04175228908098385,0.0,0.04175228908098385,False
0.04205152871353855,0.0,0.04205152871353855,False
0.04235291300353996,0.0,0.04235291300353996,False
0.042656457321798014,0.0,0.042656457321798014,False
0.04296217714928584,0.0,0.04296217714928584,False
0.043270088077929036,0.0,0.043270088077929036,False
0.043580205811400693,0.0,0.043580205811400693,False
0.043892546165922815,0.0,0.043892546165922815,False
0.044207125071072294,0.0,0.044207125071072294,False
0.04452395857059391,0.0,0.04452395857059391,False
0.044843062823218365,0.0,0.044843062823218365,False
0.04516445410348611,0.0,0.04516445410348611,False
0.04548814880257782,0.0,0.04548814880257782,False
0.045814163429150206,0.0,0.045814163429150206,False
0.046142514610177605,0.0,0.046142514610177605,False
0.046473219091800536,0.0,0.046473219091800536,False
0.04680629374017952,0.0,0.04680629374017952,False
0.04714175554235495,0.0,0.04714175554235495,False
0.04747962160711412,0.0,0.04747962160711412,False
0.04781990916586304,0.0,0.04781990916586304,False
0.04816263557350584,0.0,0.04816263557350584,False
0.04850781830932971,0.0,0.04850781830932971,False
0.04885547497789599,0.0,0.04885547497789599,False
0.04920562330993861,0.0,0.04920562330993861,False
0.049558281163268096,0.0,0.049558281163268096,False
0.049913466523682025,0.0,0.049913466523682025,False
0.05027119750588297,0.0,0.05027119750588297,False
0.05063149235440167,0.0,0.05063149235440167,False
0.05099436944452806,0.0,0.05099436944452806,False
0.05135984728324825,0.0,0.05135984728324825,False
0.05172794451018809,0.0,0.05172794451018809,False
0.0520986798985643,0.0,0.0520986798985643,False
0.05247207235614171,0.0,0.05247207235614171,False
0.05284814092619723,0.0,0.05284814092619723,False
0.05322690478849182,0.0,0.05322690478849182,False
0.05360838326024778,0.0,0.05360838326024778,False
0.053992595797134744,0.0,0.053992595797134744,False
0.054379561994261555,0.0,0.054379561994261555,False
0.05476930158717538,0.0,0.05476930158717538,False
0.05516183445286877,0.0,0.05516183445286877,False
0.05555718061079321,0.0,0.05555718061079321,False
0.05595536022387972,0.0,0.05595536022387972,False
0.05635639359956784,0.0,0.05635639359956784,False
0.056760301190840974,0.0,0.056760301190840974,False
0.05716710359726927,0.0,0.05716710359726927,False
0.05757682156606087,0.0,0.05757682156606087,False
0.05798947599311922,0.0,0.05798947599311922,False
0.05840508792410952,0.0,0.05840508792410952,False
0.05882367855553173,0.0,0.05882367855553173,False
0.05924526923580131,0.0,0.05924526923580131,False
0.059669881466338656,0.0,0.059669881466338656,False
0.060097536902665324,0.0,0.060097536902665324,False
0.06052825735550817,0.0,0.06052825735550817,False
0.060962064791912476,0.0,0.060962064791912476,False
0.061398981336361444,0.0,0.061398981336361444,False
0.061839029271905245,0.0,0.061839029271905245,False
0.06228223104129726,0.0,0.06228223104129726,False
0.0627286092481382,0.0,0.0627286092481382,False
0.06317818665802967,0.0,0.06317818665802967,False
0.06363098619973491,0.0,0.06363098619973491,False
0.06408703096634777,0.0,0.06408703096634777,False
0.0645463442164713,0.0,0.0645463442164713,False
0.06500894937540308,0.0,0.06500894937540308,False
0.06547487003633062,0.0,0.06547487003633062,False
0.06594412996153441,0.0,0.06594412996153441,False
0.06641675308359943,0.0,0.06641675308359943,False
0.06689276350663634,0.0,0.06689276350663634,False
0.06737218550751058,0.0,0.06737218550751058,False
0.06785504353708008,0.0,0.06785504353708008,False
0.06834136222144298,0.0,0.06834136222144298,False
0.06883116636319328,0.0,0.06883116636319328,False
0.06932448094268537,0.0,0.06932448094268537,False
0.06982133111930888,0.0,0.06982133111930888,False
0.07032174223277096,0.0,0.07032174223277096,False
0.07082573980438932,0.0,0.07082573980438932,False
0.0713333495383936,0.0,0.0713333495383936,False
0.07184459732323586,0.0,0.07184459732323586,False
0.0723595092329117,0.0,0.0723595092329117,False
0.07287811152828963,0.0,0.07287811152828963,False
0.07340043065845007,0.0,0.07340043065845007,False
0.0739264932620351,0.0,0.0739264932620351,False
0.07445632616860605,0.0,0.07445632616860605,False
0.07498995640001277,0.0,0.07498995640001277,False
0.07552741117177132,0.0,0.07552741117177132,False
0.07606871789445159,0.0,0.07606871789445159,False
0.07661390417507609,0.0,0.07661390417507609,False
0.0771629978185275,0.0,0.0771629978185275,False
0.07771602682896632,0.0,0.07771602682896632,False
0.07827301941126008,0.0,0.07827301941126008,False
0.07883400397242073,0.0,0.07883400397242073,False
0.0793990091230543,0.0,0.0793990091230543,False
0.07996806367881976,0.0,0.07996806367881976,False
0.08054119666189813,0.0,0.08054119666189813,False
0.0811184373024735,0.0,0.0811184373024735,False
0.0816998150402234,0.0,0.0816998150402234,False
0.08228535952581977,0.0,0.08228535952581977,False
0.08287510062244204,0.0,0.08287510062244204,False
0.08346906840729974,0.0,0.08346906840729974,False
0.08406729317316602,0.0,0.08406729317316602,False
0.08466980542992371,0.0,0.08466980542992371,False
0.08527663590611996,0.0,0.08527663590611996,False
0.08588781555053468,0.0,0.08588781555053468,False
0.08650337553375839,0.0,0.08650337553375839,False
0.08712334724978149,0.0,0.08712334724978149,False
0.0877477623175963,0.0,0.0877477623175963,False
0.08837665258280923,0.0,0.08837665258280923,False
0.0890100501192644,0.0,0.0890100501192644,False
0.08964798723068053,0.0,0.08964798723068053,False
0.09029049645229728,0.0,0.09029049645229728,False
0.09093761055253556,0.0,0.09093761055253556,False
0.09158936253466833,0.0,0.09158936253466833,False
0.09224578563850329,0.0,0.09224578563850329,False
0.09290691334207914,0.0,0.09290691334207914,False
0.09357277936337241,0.0,0.09357277936337241,False
0.09424341766201669,0.0,0.09424341766201669,False
0.09491886244103577,0.0,0.09491886244103577,False
0.09559914814858657,0.0,0.09559914814858657,False
0.09628430947971728,0.0,0.09628430947971728,False
0.09697438137813633,0.0,0.09697438137813633,False
0.097669399037994,0.0,0.097669399037994,False
0.09836939790567842,0.0,0.09836939790567842,False
0.09907441368162276,0.0,0.09907441368162276,False
0.0997844823221255,0.0,0.0997844823221255,False
0.10049964004118538,0.0,0.10049964004118538,False
0.10121992331234757,0.0,0.10121992331234757,False
0.10194536887056355,0.0,0.10194536887056355,False
0.10267601371406579,0.0,0.10267601371406579,False
0.10341189510625319,0.0,0.10341189510625319,False
0.10415305057759283,0.0,0.10415305057759283,False
0.10489951792753359,0.0,0.10489951792753359,False
0.10565133522643326,0.0,0.10565133522643326,False
0.10640854081750137,0.0,0.10640854081750137,False
0.10717117331875416,0.0,0.10717117331875416,False
0.10793927162498343,0.0,0.10793927162498343,False
0.1087128749097418,0.0,0.1087128749097418,False
0.10949202262733866,0.0,0.10949202262733866,False
0.11027675451485412,0.0,0.11027675451485412,False
0.11106711059416481,0.0,0.11106711059416481,False
0.11186313117398451,0.0,0.11186313117398451,False
0.11266485685192104,0.0,0.11266485685192104,False
0.1134723285165463,0.0,0.1134723285165463,False
0.11428558734948084,0.0,0.11428558734948084,False
0.1151046748274958,0.0,0.1151046748274958,False
0.11592963272462634,0.0,0.11592963272462634,False
0.11676050311430383,0.0,0.11676050311430383,False
0.1175973283715009,0.0,0.1175973283715009,False
0.11844015117489189,0.0,0.11844015117489189,False
0.11928901450903087,0.0,0.11928901450903087,False
0.12014396166654331,0.0,0.12014396166654331,False
0.12100503625033314,0.0,0.12100503625033314,False
0.1218722821758081,0.0,0.1218722821758081,False
0.12274574367311859,0.0,0.12274574367311859,False
0.12362546528941293,0.0,0.12362546528941293,False
0.12451149189111078,0.0,0.12451149189111078,False
0.12540386866618955,0.0,0.12540386866618955,False
0.12630264112649062,0.0,0.12630264112649062,False
0.12720785511003987,0.0,0.12720785511003987,False
0.1281195567833846,0.0,0.1281195567833846,False
0.1290377926439496,0.0,0.1290377926439496,False
0.1299626095224078,0.0,0.1299626095224078,False
0.13089405458506778,0.0,0.13089405458506778,False
0.13183217533628142,0.0,0.13183217533628142,False
0.1327770196208641,0.0,0.1327770196208641,False
0.13372863562653714,0.0,0.13372863562653714,False
0.13468707188638418,0.0,0.13468707188638418,False
0.13565237728132598,0.0,0.13565237728132598,False
0.13662460104261465,0.0,0.13662460104261465,False
0.1376037927543439,0.0,0.1376037927543439,False
0.13859000235597704,0.0,0.13859000235597704,False
0.1395832801448957,0.0,0.1395832801448957,False
0.140583676778963,0.0,0.140583676778963,False
0.14159124327910888,0.0,0.14159124327910888,False
0.1426060310319315,0.0,0.1426060310319315,False
0.14362809179231725,0.0,0.14362809179231725,False
0.1446574776860817,0.0,0.1446574776860817,False
0.1456942412126274,0.0,0.1456942412126274,False
0.14673843524762048,0.0,0.14673843524762048,False
0.14779011304568948,0.0,0.14779011304568948,False
0.1488493282431388,0.0,0.1488493282431388,False
0.1499161348606864,0.0,0.1499161348606864,False
0.15099058730621795,0.0,0.15099058730621795,False
0.15207274037756097,0.0,0.15207274037756097,False
0.1531626492652811,0.0,0.1531626492652811,False
0.1542603695554959,0.0,0.1542603695554959,False
0.15536595723270938,0.0,0.15536595723270938,False
0.15647946868266835,0.0,0.15647946868266835,False
0.1576009606952378,0.0,0.1576009606952378,False
0.15873049046729604,0.0,0.15873049046729604,False
0.15986811560565392,0.0,0.15986811560565392,False
0.16101389412999054,0.0,0.16101389412999054,False
0.1621678844758142,0.0,0.1621678844758142,False
0.16333014549744193,0.0,0.16333014549744193,False
0.16450073647100005,0.0,0.16450073647100005,False
0.16567971709744922,0.0,0.16567971709744922,False
0.1668671475056283,0.0,0.1668671475056283,False
0.16806308825532,0.0,0.16806308825532,False
0.16926760034034155,0.0,0.16926760034034155,False
0.17048074519165327,0.0,0.17048074519165327,False
0.17170258468049335,0.0,0.17170258468049335,False
0.1729331811215327,0.0,0.1729331811215327,False
0.1741725972760519,0.0,0.1741725972760519,False
0.1754208963551441,0.0,0.1754208963551441,False
0.1766781420229379,0.0,0.1766781420229379,False
0.17794439839984313,0.0,0.17794439839984313,False
0.1792197300658234,0.0,0.1792197300658234,False
0.18050420206368717,0.0,0.18050420206368717,False
0.1817978799024072,0.0,0.1817978799024072,False
0.1831008295604606,0.0,0.1831008295604606,False
0.18441311748919273,0.0,0.18441311748919273,False
0.18573481061620833,0.0,0.18573481061620833,False
0.1870659763487839,0.0,0.1870659763487839,False
0.1884066825773044,0.0,0.1884066825773044,False
0.18975699767872772,0.0,0.18975699767872772,False
0.1911169905200711,0.0,0.1911169905200711,False
0.1924867304619223,0.0,0.1924867304619223,False
0.19386628736197928,0.0,0.19386628736197928,False
0.1952557315786105,0.0,0.1952557315786105,False
0.1966551339744455,0.0,0.1966551339744455,False
0.19806456591998792,0.0,0.19806456591998792,False
0.19948409929725444,0.0,0.19948409929725444,False
0.20091380650344284,0.0,0.20091380650344284,False
0.20235376045462342,0.0,0.20235376045462342,False
0.20380403458945645,0.0,0.20380403458945645,False
0.20526470287294038,0.0,0.20526470287294038,False
0.20673583980018098,0.0,0.20673583980018098,False
0.20821752040019348,0.0,0.20821752040019348,False
0.2097098202397269,0.0,0.2097098202397269,False
0.2112128154271197,0.0,0.2112128154271197,False
0.21272658261618005,0.0,0.21272658261618005,False
0.2142511990100958,0.0,0.2142511990100958,False
0.2157867423653718,0.0,0.2157867423653718,False
0.21733329099579604,0.0,0.21733329099579604,False
0.21889092377643285,0.0,0.21889092377643285,False
0.2204597201476461,0.0,0.2204597201476461,False
0.2220397601191503,0.0,0.2220397601191503,False
0.22363112427409226,0.0,0.22363112427409226,False
0.22523389377315933,0.0,0.22523389377315933,False
0.2268481503587194,0.0,0.2268481503587194,False
0.22847397635899064,0.0,0.22847397635899064,False
0.23011145469223857,0.0,0.23011145469223857,False
0.23176066887100633,0.0,0.23176066887100633,False
0.233421703006373,0.0,0.233421703006373,False
0.2350946418122445,0.0,0.2350946418122445,False
0.2367795706096726,0.0,0.2367795706096726,False
0.23847657533120725,0.0,0.23847657533120725,False
0.2401857425252788,0.0,0.2401857425252788,False
0.24190715936061286,0.0,0.24190715936061286,False
0.2436409136306747,0.0,0.2436409136306747,False
0.24538709375814766,0.0,0.24538709375814766,False
0.2471457887994422,0.0,0.2471457887994422,False
0.24891708844923893,0.0,0.24891708844923893,False
0.2507010830450616,0.0,0.2507010830450616,False
0.25249786357188536,0.0,0.25249786357188536,False
0.2543075216667765,0.0,0.2543075216667765,False
0.25613014962356717,0.0,0.25613014962356717,False
0.25796584039756076,0.0,0.25796584039756076,False
0.2598146876102736,0.0,0.2598146876102736,False
0.26167678555420965,0.0,0.26167678555420965,False
0.26355222919767,0.0,0.26355222919767,False
0.2654411141895951,0.0,0.2654411141895951,False
0.26734353686444384,0.0,0.26734353686444384,False
0.26925959424710616,0.0,0.26925959424710616,False
0.2711893840578524,0.0,0.2711893840578524,False
0.2731330047173156,0.0,0.2731330047173156,False
0.27509055535151183,0.0,0.27509055535151183,False
0.2770621357968965,0.0,0.2770621357968965,False
0.27904784660545406,0.0,0.27904784660545406,False
0.2810477890498282,0.0,0.2810477890498282,False
0.28306206512848525,0.0,0.28306206512848525,False
0.2850907775709181,0.0,0.2850907775709181,False
0.2871340298428833,0.0,0.2871340298428833,False
0.2891919261516792,0.0,0.2891919261516792,False
0.2912645714514602,0.0,0.2912645714514602,False
0.29335207144859005,0.0,0.29335207144859005,False
0.2954545326070321,0.0,0.2954545326070321,False
0.2975720621537793,0.0,0.2975720621537793,False
0.2997047680843229,0.0,0.2997047680843229,False
0.3018527591681611,0.0,0.3018527591681611,False
0.3040161449543449,0.0,0.3040161449543449,False
0.30619503577706614,0.0,0.30619503577706614,False
0.308389542761284,0.0,0.308389542761284,False
0.31059977782839393,0.0,0.31059977782839393,False
0.3128258537019336,0.0,0.3128258537019336,False
0.3150678839133333,0.0,0.3150678839133333,False
0.31732598280770524,0.0,0.31732598280770524,False
0.31960026554967697,0.0,0.31960026554967697,False
0.3218908481292624,0.0,0.3218908481292624,False
0.32419784736777896,0.0,0.32419784736777896,False
0.32652138092380517,0.0,0.32652138092380517,False
0.3288615672991817,0.0,0.3288615672991817,False
0.3312185258450543,0.0,0.3312185258450543,False
0.3335923767679612,0.0,0.3335923767679612,False
0.33598324113596345,0.0,0.33598324113596345,False
0.3383912408848207,0.0,0.3383912408848207,False
0.340816498824208,0.0,0.340816498824208,False
0.3432591386439803,0.0,0.3432591386439803,False
0.34571928492048165,0.0,0.34571928492048165,False
0.34819706312289644,0.0,0.34819706312289644,False
0.3506925996196504,0.0,0.3506925996196504,False
0.35320602168485393,0.0,0.35320602168485393,False
0.35573745750479524,0.0,0.35573745750479524,False
0.35828703618447566,0.0,0.35828703618447566,False
0.36085488775419516,0.0,0.36085488775419516,False
0.36344114317618403,0.0,0.36344114317618403,False
0.3660459343512825,0.0,0.3660459343512825,False
0.3686693941256664,0.0,0.3686693941256664,False
0.3713116562976236,0.0,0.3713116562976236,False
0.3739728556243769,0.0,0.3739728556243769,False
0.3766531278289584,0.0,0.3766531278289584,False
0.3793526096071293,0.0,0.3793526096071293,False
0.382071438634353,0.0,0.382071438634353,False
0.3848097535728156,0.0,0.3848097535728156,False
0.3875676940784995,0.0,0.3875676940784995,False
0.3903454008083038,0.0,0.3903454008083038,False
0.393143015427219,0.0,0.393143015427219,False
0.39596068061555184,0.0,0.39596068061555184,False
0.398798540076203,0.0,0.398798540076203,False
0.4016567385419942,0.0,0.4016567385419942,False
0.4045354217830512,0.0,0.4045354217830512,False
0.407434736614237,0.0,0.407434736614237,False
0.4103548309026416,0.0,0.4103548309026416,False
0.4132958535751204,0.0,0.4132958535751204,False
0.4162579546258913,0.0,0.4162579546258913,False
0.4192412851241855,0.0,0.4192412851241855,False
0.4222459972219495,0.0,0.4222459972219495,False
0.42527224416160686,0.0,0.42527224416160686,False
0.428320180283873,0.0,0.428320180283873,False
0.4313899610356276,0.0,0.4313899610356276,False
0.43448174297784076,0.0,0.43448174297784076,False
0.4375956837935595,0.0,0.4375956837935595,False
0.44073194229594786,0.0,0.44073194229594786,False
0.44389067843638924,0.0,0.44389067843638924,False
0.4470720533126408,0.0,0.4470720533126408,False
0.4502762291770519,0.0,0.4502762291770519,False
0.45350336944483766,0.0,0.45350336944483766,False
0.45675363870241475,0.0,0.45675363870241475,False
0.460027202715794,0.0,0.460027202715794,False
0.46332422843903504,0.0,0.46332422843903504,False
0.4666448840227608,0.0,0.4666448840227608,False
0.46998933882273514,0.0,0.46998933882273514,False
0.473357763408497,0.0,0.473357763408497,False
0.476750329572062,0.0,0.476750329572062,False
0.48016721033668236,0.0,0.48016721033668236,False
0.48360857996567375,0.0,0.48360857996567375,False
0.4870746139712994,0.0,0.4870746139712994,False
0.49056548912372366,0.0,0.49056548912372366,False
0.49408138346002634,0.0,0.49408138346002634,False
0.4976224762932842,0.0,0.4976224762932842,False
0.5011889482217142,0.0,0.5011889482217142,False
0.5047809811378847,0.0,0.5047809811378847,False
0.5083987582379934,0.0,0.5083987582379934,False
0.5120424640312087,0.0,0.5120424640312087,False
0.5157122843490803,0.0,0.5157122843490803,False
0.5194084063550168,0.0,0.5194084063550168,False
0.5231310185538334,0.0,0.5231310185538334,False
0.5268803108013608,0.0,0.5268803108013608,False
0.5306564743141329,0.0,0.5306564743141329,False
0.5344597016791354,0.0,0.5344597016791354,False
0.5382901868636315,0.0,0.5382901868636315,False
0.5421481252250506,0.0,0.5421481252250506,False
0.5460337135209541,0.0,0.5460337135209541,False
0.5499471499190683,0.0,0.5499471499190683,False
0.5538886340073945,0.0,0.5538886340073945,False
0.5578583668043842,0.0,0.5578583668043842,False
0.5618565507691928,0.0,0.5618565507691928,False
0.5658833898120054,0.0,0.5658833898120054,False
0.5699390893044373,0.0,0.5699390893044373,False
0.5740238560900054,0.0,0.5740238560900054,False
0.5781378984946798,0.0,0.5781378984946798,False
0.5822814263375069,0.0,0.5822814263375069,False
0.5864546509413125,0.0,0.5864546509413125,False
0.590657785143477,0.0,0.590657785143477,False
0.5948910433067912,0.0,0.5948910433067912,False
0.5991546413303891,0.0,0.5991546413303891,False
0.6034487966607599,0.0,0.6034487966607599,False
0.6077737283028356,0.0,0.6077737283028356,False
0.6121296568311623,0.0,0.6121296568311623,False
0.6165168044011479,0.0,0.6165168044011479,False
0.6209353947603957,0.0,0.6209353947603957,False
0.6253856532601113,0.0,0.6253856532601113,False
0.6298678068665975,0.0,0.6298678068665975,False
0.6343820841728318,0.0,0.6343820841728318,False
0.6389287154101214,0.0,0.6389287154101214,False
0.6435079324598468,0.0,0.6435079324598468,False
0.6481199688652874,0.0,0.6481199688652874,False
0.6527650598435346,0.0,0.6527650598435346,False
0.6574434422974843,0.0,0.6574434422974843,False
0.6621553548279215,0.0,0.6621553548279215,False
0.6669010377456884,0.0,0.6669010377456884,False
0.671680733083942,0.0,0.671680733083942,False
0.6764946846104951,0.0,0.6764946846104951,False
0.6813431378402504,0.0,0.6813431378402504,False
0.6862263400477212,0.0,0.6862263400477212,False
0.6911445402796451,0.0,0.6911445402796451,False
0.6960979893676813,0.0,0.6960979893676813,False
0.7010869399412061,0.0,0.7010869399412061,False
0.7061116464401958,0.0,0.7061116464401958,False
0.7111723651282059,0.0,0.7111723651282059,False
0.7162693541054371,0.0,0.7162693541054371,False
0.7214028733219003,0.0,0.7214028733219003,False
0.7265731845906743,0.0,0.7265731845906743,False
0.7317805516012599,0.0,0.7317805516012599,False
0.7370252399330246,0.0,0.7370252399330246,False
0.7423075170687508,0.0,0.7423075170687508,False
0.7476276524082746,0.0,0.7476276524082746,False
0.7529859172822296,0.0,0.7529859172822296,False
0.7583825849658808,0.0,0.7583825849658808,False
0.7638179306930627,0.0,0.7638179306930627,False
0.7692922316702193,0.0,0.7692922316702193,False
0.7748057670905377,0.0,0.7748057670905377,False
0.7803588181481901,0.0,0.7803588181481901,False
0.7859516680526726,0.0,0.7859516680526726,False
0.7915846020432531,0.0,0.7915846020432531,False
0.7972579074035138,0.0,0.7972579074035138,False
0.8029718734760048,0.0,0.8029718734760048,False
0.808726791677002,0.0,0.808726791677002,False
0.8145229555113693,0.0,0.8145229555113693,False
0.8203606605875252,0.0,0.8203606605875252,False
0.8262402046325213,0.0,0.8262402046325213,False
0.8321618875072259,0.0,0.8321618875072259,False
0.8381260112216177,0.0,0.8381260112216177,False
0.8441328799501875,0.0,0.8441328799501875,False
0.8501828000474515,0.0,0.8501828000474515,False
0.8562760800635755,0.0,0.8562760800635755,False
0.8624130307601139,0.0,0.8624130307601139,False
0.868593965125854,0.0,0.868593965125854,False
0.8748191983927819,0.0,0.8748191983927819,False
0.8810890480521576,0.0,0.8810890480521576,False
0.8874038338707112,0.0,0.8874038338707112,False
0.893763877906946,0.0,0.893763877906946,False
0.9001695045275666,0.0,0.9001695045275666,False
0.9066210404240209,0.0,0.9066210404240209,False
0.9131188146291647,0.0,0.9131188146291647,False
0.9196631585340365,0.0,0.9196631585340365,False
0.9262544059047632,0.0,0.9262544059047632,False
0.9328928928995831,0.0,0.9328928928995831,False
0.9395789580859866,0.0,0.9395789580859866,False
0.9463129424579859,0.0,0.9463129424579859,False
0.9530951894535037,0.0,0.9530951894535037,False
0.9599260449718939,0.0,0.9599260449718939,False
0.9668058573915759,0.0,0.9668058573915759,False
0.9737349775878067,0.0,0.9737349775878067,False
0.9807137589505731,0.0,0.9807137589505731,False
0.9877425574026188,0.0,0.9877425574026188,False
0.9948217314175928,0.0,0.9948217314175928,False
1.001951642038332,0.0,1.001951642038332,False
1.0091326528952766,0.0,1.0091326528952766,False
1.016365130225016,0.0,1.016365130225016,False
1.0236494428889642,0.0,1.0236494428889642,False
1.0309859623921738,0.0,1.0309859623921738,False
1.038375062902282,0.0,1.038375062902282,False
1.0458171212685974,0.0,1.0458171212685974,False
1.053312517041313,0.0,1.053312517041313,False
1.0608616324908684,0.0,1.0608616324908684,False
1.0684648526274427,0.0,1.0684648526274427,False
1.076122565220596,0.0,1.076122565220596,False
1.083835160819038,0.0,1.083835160819038,False
1.091603032770551,0.0,1.091603032770551,False
1.0994265772420504,0.0,1.0994265772420504,False
1.1073061932397903,0.0,1.1073061932397903,False
1.1152422826297106,0.0,1.1152422826297106,False
1.123235250157934,0.0,1.123235250157934,False
1.1312855034714067,0.0,1.1312855034714067,False
1.139393453138694,0.0,1.139393453138694,False
1.1475595126709124,0.0,1.1475595126709124,False
1.1557840985428218,0.0,1.1557840985428218,False
1.1640676302140702,0.0,1.1640676302140702,False
1.1724105301505794,0.0,1.1724105301505794,False
1.1808132238460949,0.0,1.1808132238460949,False
1.1892761398438854,0.0,1.1892761398438854,False
1.197799709758602,0.0,1.197799709758602,False
1.206384368298285,0.0,1.206384368298285,False
1.2150305532865389,0.0,1.2150305532865389,False
1.2237387056848583,0.0,1.2237387056848583,False
1.232509269615123,0.0,1.232509269615123,False
1.2413426923822415,0.0,1.2413426923822415,False
1.2502394244969677,0.0,1.2502394244969677,False
1.259199919698876,0.0,1.259199919698876,False
1.2682246349795052,0.0,1.2682246349795052,False
1.2773140306056616,0.0,1.2773140306056616,False
1.2864685701428942,0.0,1.2864685701428942,False
1.2956887204791363,0.0,1.2956887204791363,False
1.3049749518485214,0.0,1.3049749518485214,False
1.314327737855359,0.0,1.314327737855359,False
1.3237475554982925,0.0,1.3237475554982925,False
1.333234885194624,0.0,1.333234885194624,False
1.3427902108048229,0.0,1.3427902108048229,False
1.3524140196571919,0.0,1.3524140196571919,False
1.3621068025727308,0.0,1.3621068025727308,False
1.3718690538901621,0.0,1.3718690538901621,False
1.3817012714911494,0.0,1.3817012714911494,False
1.3916039568256826,0.0,1.3916039568256826,False
1.401577614937655,0.0,1.401577614937655,False
1.4116227544906252,0.0,1.4116227544906252,False
1.4217398877937522,0.0,1.4217398877937522,False
1.4319295308279265,0.0,1.4319295308279265,False
1.442192203272086,0.0,1.442192203272086,False
1.4525284285297224,0.0,1.4525284285297224,False
1.4629387337555702,0.0,1.4629387337555702,False
1.4734236498824933,0.0,1.4734236498824933,False
1.4839837116485641,0.0,1.4839837116485641,False
1.494619457624339,0.0,1.494619457624339,False
1.5053314302403178,0.0,1.5053314302403178,False
1.5161201758146141,0.0,1.5161201758146141,False
1.5269862445808142,0.0,1.5269862445808142,False
1.5379301907160463,0.0,1.5379301907160463,False
1.5489525723692348,0.0,1.5489525723692348,False
1.560053951689571,0.0,1.560053951689571,False
1.5712348948551822,0.0,1.5712348948551822,False
1.5824959721020118,0.0,1.5824959721020118,False
1.5938377577528922,0.0,1.5938377577528922,False
1.6052608302468436,0.0,1.6052608302468436,False
1.61676577216857,0.0,1.61676577216857,False
1.6283531702781786,0.0,1.6283531702781786,False
1.6400236155410954,0.0,1.6400236155410954,False
1.65177770315821,0.0,1.65177770315821,False
1.6636160325962308,0.0,1.6636160325962308,False
1.6755392076182611,0.0,1.6755392076182611,False
1.6875478363145853,0.0,1.6875478363145853,False
1.6996425311336851,0.0,1.6996425311336851,False
1.7118239089134752,0.0,1.7118239089134752,False
1.7240925909127651,0.0,1.7240925909127651,False
1.7364492028429366,0.0,1.7364492028429366,False
1.7488943748998593,0.0,1.7488943748998593,False
1.7614287417960368,0.0,1.7614287417960368,False
1.7740529427929665,0.0,1.7740529427929665,False
1.7867676217337503,0.0,1.7867676217337503,False
1.7995734270759263,0.0,1.7995734270759263,False
1.812471011924548,0.0,1.812471011924548,False
1.8254610340654833,0.0,1.8254610340654833,False
1.8385441559989688,0.0,1.8385441559989688,False
1.8517210449733938,0.0,1.8517210449733938,False
1.864992373019337,0.0,1.864992373019337,False
1.8783588169838314,0.0,1.8783588169838314,False
1.8918210585648905,0.0,1.8918210585648905,False
1.9053797843462714,0.0,1.9053797843462714,False
1.9190356858324975,0.0,1.9190356858324975,False
1.9327894594841177,0.0,1.9327894594841177,False
1.9466418067532294,0.0,1.9466418067532294,False
1.960593434119255,0.0,1.960593434119255,False
1.9746450531249733,0.0,1.9746450531249733,False
1.988797380412804,0.0,1.988797380412804,False
2.003051137761361,0.0,2.003051137761361,False
2.0174070521222593,0.0,2.0174070521222593,False
2.0318658556572005,0.0,2.0318658556572005,False
2.046428285775299,0.0,2.046428285775299,False
2.0610950851707006,0.0,2.0610950851707006,False
2.075867001860456,0.0,2.075867001860456,False
2.090744789222675,0.0,2.090744789222675,False
2.1057292060349426,0.0,2.1057292060349426,False
2.1208210165130197,0.0,2.1208210165130197,False
2.1360209903498246,0.0,2.1360209903498246,False
2.1513299027546773,0.0,2.1513299027546773,False
2.166748534492844,0.0,2.166748534492844,False
2.18227767192535,0.0,2.18227767192535,False
2.1979181070490967,0.0,2.1979181070490967,False
2.2136706375372377,0.0,2.2136706375372377,False
2.229536066779872,0.0,2.229536066779872,False
2.2455152039250117,0.0,2.2455152039250117,False
2.261608863919858,0.0,2.261608863919858,False
2.277817867552352,0.0,2.277817867552352,False
2.2941430414930415,0.0,2.2941430414930415,False
2.3105852183372417,0.0,2.3105852183372417,False
2.3271452366475023,0.0,2.3271452366475023,False
2.343823940996366,0.0,2.343823940996366,False
2.360622182009447,0.0,2.360622182009447,False
2.377540816408811,0.0,2.377540816408811,False
2.394580707056679,0.0,2.394580707056679,False
2.4117427229994175,0.0,2.4117427229994175,False
2.4290277395118722,0.0,2.4290277395118722,False
2.4464366381420004,0.0,2.4464366381420004,False
2.4639703067558414,0.0,2.4639703067558414,False
2.481629639582786,0.0,2.481629639582786,False
2.4994155372611884,0.0,2.4994155372611884,False
2.5173289068842966,0.0,2.5173289068842966,False
2.535370662046525,0.0,2.535370662046525,False
2.5535417228900332,0.0,2.5535417228900332,False
2.571843016151661,0.0,2.571843016151661,False
2.5902754752102006,0.0,2.5902754752102006,False
2.6088400401339835,0.0,2.6088400401339835,False
2.627537657728836,0.0,2.627537657728836,False
2.6463692815863618,0.0,2.6463692815863618,False
2.665335872132585,0.0,2.665335872132585,False
2.684438396676918,0.0,2.684438396676918,False
2.703677829461504,0.0,2.703677829461504,False
2.7230551517109016,0.0,2.7230551517109016,False
2.7425713516821353,0.0,2.7425713516821353,False
2.7622274247150838,0.0,2.7622274247150838,False
2.7820243732832513,0.0,2.7820243732832513,False
2.801963207044892,0.0,2.801963207044892,False
2.822044942894511,0.0,2.822044942894511,False
2.842270605014713,0.0,2.842270605014713,False
2.862641224928447,0.0,2.862641224928447,False
2.883157841551605,0.0,2.883157841551605,False
2.9038215012460253,0.0,2.9038215012460253,False
2.9246332578728356,0.0,2.9246332578728356,False
2.9455941728462154,0.0,2.9455941728462154,False
2.96670531518752,0.0,2.96670531518752,False
2.9879677615798146,0.0,2.9879677615798146,False
3.009382596422769,0.0,3.009382596422769,False
3.030950911887974,0.0,3.030950911887974,False
3.052673807974637,0.0,3.052673807974637,False
3.0745523925656912,0.0,3.0745523925656912,False
3.096587781484288,0.0,3.096587781484288,False
3.118781098550711,0.0,3.118781098550711,False
3.141133475639685,0.0,3.141133475639685,False
3.1636460527381196,0.0,3.1636460527381196,False
3.1863199780032265,0.0,3.1863199780032265,False
3.209156407821087,0.0,3.209156407821087,False
3.2321565068656377,0.0,3.2321565068656377,False
3.2553214481580515,0.0,3.2553214481580515,False
3.278652413126575,0.0,3.278652413126575,False
3.302150591666774,0.0,3.302150591666774,False
3.3258171822022353,0.0,3.3258171822022353,False
3.3496533917456643,0.0,3.3496533917456643,False
3.3736604359604594,0.0,3.3736604359604594,False
3.397839539222702,0.0,3.397839539222702,False
3.4221919346836165,0.0,3.4221919346836165,False
3.446718864332441,0.0,3.446718864332441,False
3.471421579059782,0.0,3.471421579059782,False
3.4963013387214064,0.0,3.4963013387214064,False
3.521359412202506,0.0,3.521359412202506,False
3.546597077482392,0.0,3.546597077482392,False
3.5720156216996863,0.0,3.5720156216996863,False
3.5976163412179614,0.0,3.5976163412179614,False
3.6234005416918675,0.0,3.6234005416918675,False
3.6493695381337017,0.0,3.6493695381337017,False
3.6755246549804887,0.0,3.6755246549804887,False
3.7018672261615206,0.0,3.7018672261615206,False
3.7283985951664014,0.0,3.7283985951664014,False
3.7551201151135487,0.0,3.7551201151135487,False
3.7820331488192127,0.0,3.7820331488192127,False
3.809139068866976,0.0,3.809139068866976,False
3.836439257677772,0.0,3.836439257677772,False
3.8639351075803647,0.0,3.8639351075803647,False
3.891628020882374,0.0,3.891628020882374,False
3.919519409941798,0.0,3.919519409941798,False
3.947610697239029,0.0,3.947610697239029,False
3.975903315449413,0.0,3.975903315449413,False
4.0043987075163106,0.0,4.0043987075163106,False
4.033098326724701,0.0,4.033098326724701,False
4.062003636775283,0.0,4.062003636775283,False
4.091116111859129,0.0,4.091116111859129,False
4.120437236732877,0.0,4.120437236732877,False
4.149968506794458,0.0,4.149968506794458,False
4.1797114281593455,0.0,4.1797114281593455,False
4.209667517737381,0.0,4.209667517737381,False
4.23983830331013,0.0,4.23983830331013,False
4.2702253236088135,0.0,4.2702253236088135,False
4.30083012839277,0.0,4.30083012839277,False
4.331654278528496,0.0,4.331654278528496,False
4.362699346069255,0.0,4.362699346069255,False
4.393966914335266,0.0,4.393966914335266,False
4.425458577994425,0.0,4.425458577994425,False
4.457175943143655,0.0,4.457175943143655,False
4.489120627390814,0.0,4.489120627390814,False
4.521294259937198,0.0,4.521294259937198,False
4.5536984816606205,0.0,4.5536984816606205,False
4.586334945199107,0.0,4.586334945199107,False
4.619205315035173,0.0,4.619205315035173,False
4.652311267580733,0.0,4.652311267580733,False
4.68565449126257,0.0,4.68565449126257,False
4.719236686608465,0.0,4.719236686608465,False
4.753059566333931,0.0,4.753059566333931,False
4.787124855429544,0.0,4.787124855429544,False
4.821434291248926,0.0,4.821434291248926,False
4.855989623597354,0.0,4.855989623597354,False
4.890792614821013,0.0,4.890792614821013,False
4.925845039896847,0.0,4.925845039896847,False
4.961148686523111,0.0,4.961148686523111,False
4.996705355210526,0.0,4.996705355210526,False
5.032516859374135,0.0,5.032516859374135,False
5.0685850254257465,0.0,5.0685850254257465,False
5.10491169286712,0.0,5.10491169286712,False
5.1414987143837525,0.0,5.1414987143837525,False
5.178347955939405,0.0,5.178347955939405,False
5.21546129687122,0.0,5.21546129687122,False
5.252840629985608,0.0,5.252840629985608,False
5.290487861654755,0.0,5.290487861654755,False
5.328404911913881,0.0,5.328404911913881,False
5.366593714559125,0.0,5.366593714559125,False
5.405056217246193,0.0,5.405056217246193,False
5.443794381589682,0.0,5.443794381589682,False
5.482810183263142,0.0,5.482810183263142,False
5.522105612099804,0.0,5.522105612099804,False
5.561682672194088,0.0,5.561682672194088,False
5.601543382003798,0.0,5.601543382003798,False
5.64168977445309,0.0,5.64168977445309,False
5.682123897036116,0.0,5.682123897036116,False
5.7228478119214765,0.0,5.7228478119214765,False
5.763863596057376,0.0,5.763863596057376,False
5.805173341277566,0.0,5.805173341277566,False
5.846779154408009,0.0,5.846779154408009,False
5.888683157374339,0.0,5.888683157374339,False
5.930887487310091,0.0,5.930887487310091,False
5.973394296665678,0.0,5.973394296665678,False
6.0162057533181725,0.0,6.0162057533181725,False
6.059324040681873,0.0,6.059324040681873,False
6.102751357819674,0.0,6.102751357819674,False
6.146489919555188,0.0,6.146489919555188,False
6.190541956585726,0.0,6.190541956585726,False
6.234909715596054,0.0,6.234909715596054,False
6.279595459372995,0.0,6.279595459372995,False
6.3246014669208055,0.0,6.3246014669208055,False
6.369930033577418,0.0,6.369930033577418,False
6.415583471131507,0.0,6.415583471131507,False
6.461564107940402,0.0,6.461564107940402,False
6.507874289048809,0.0,6.507874289048809,False
6.554516376308429,0.0,6.554516376308429,False
6.6014927484984085,0.0,6.6014927484984085,False
6.648805801446669,0.0,6.648805801446669,False
6.696457948152075,0.0,6.696457948152075,False
6.744451618907513,0.0,6.744451618907513,False
6.792789261423833,0.0,6.792789261423833,False
6.841473340954702,0.0,6.841473340954702,False
6.890506340422298,0.0,6.890506340422298,False
6.9398907605439675,0.0,6.9398907605439675,False
6.989629119959753,0.0,6.989629119959753,False
7.039723955360865,0.0,7.039723955360865,False
7.090177821619019,0.0,7.090177821619019,False
7.14099329191676,0.0,7.14099329191676,False
7.192172957878707,0.0,7.192172957878707,False
7.2437194297037,0.0,7.2437194297037,False
7.295635336297934,0.0,7.295635336297934,False
7.347923325409039,0.0,7.347923325409039,False
7.400586063761122,0.0,7.400586063761122,False
7.453626237190755,0.0,7.453626237190755,False
7.507046550783965,0.0,7.507046550783965,False
7.560849729014185,0.0,7.560849729014185,False
7.615038515881241,0.0,7.615038515881241,False
7.669615675051241,0.0,7.669615675051241,False
7.724583989997564,0.0,7.724583989997564,False
7.7799462641428,0.0,7.7799462641428,False
7.835705321001755,0.0,7.835705321001755,False
7.891864004325409,0.0,7.891864004325409,False
7.948425178245981,0.0,7.948425178245981,False
8.005391727422987,0.0,8.005391727422987,False
8.062766557190383,0.0,8.062766557190383,False
8.120552593704701,0.0,8.120552593704701,False
8.178752784094312,0.0,8.178752784094312,False
8.23737009660972,0.0,8.23737009660972,False
8.296407520774972,0.0,8.296407520774972,False
8.355868067540074,0.0,8.355868067540074,False
8.415754769434601,0.0,8.415754769434601,False
8.476070680722318,0.0,8.476070680722318,False
8.536818877557003,0.0,8.536818877557003,False
8.598002458139273,0.0,8.598002458139273,False
8.659624542874619,0.0,8.659624542874619,False
8.721688274532577,0.0,8.721688274532577,False
8.784196818406961,0.0,8.784196818406961,False
8.847153362477329,0.0,8.847153362477329,False
8.910561117571559,0.0,8.910561117571559,False
8.974423317529618,0.0,8.974423317529618,False
9.038743219368472,0.0,9.038743219368472,False
9.103524103448201,0.0,9.103524103448201,False
9.168769273639297,0.0,9.168769273639297,False
9.234482057491197,0.0,9.234482057491197,False
9.300665806401932,0.0,9.300665806401932,False
9.367323895789095,0.0,9.367323895789095,False
9.434459725261961,0.0,9.434459725261961,False
9.502076718794916,0.0,9.502076718794916,False
9.570178324902024,0.0,9.570178324902024,False
9.638768016812934,0.0,9.638768016812934,False
9.707849292650007,0.0,9.707849292650007,False
9.777425675606757,0.0,9.777425675606757,False
9.847500714127477,0.0,9.847500714127477,False
9.91807798208826,0.0,9.91807798208826,False
9.989161078979233,0.0,9.989161078979233,False
10.060753630088186,0.0,10.060753630088186,False
10.132859286685406,0.0,10.132859286685406,False
10.205481726209927,0.0,10.205481726209927,False
10.278624652457061,0.0,10.278624652457061,False
10.352291795767343,0.0,10.352291795767343,False
10.426486913216712,0.0,10.426486913216712,False
10.501213788808167,0.0,10.501213788808167,False
10.57647623366474,0.0,10.57647623366474,False
10.652278086223898,0.0,10.652278086223898,False
10.728623212433247,0.0,10.728623212433247,False
10.805515505947737,0.0,10.805515505947737,False
10.88295888832825,0.0,10.88295888832825,False
10.960957309241573,0.0,10.960957309241573,False
11.039514746661848,0.0,11.039514746661848,False
11.11863520707344,0.0,11.11863520707344,False
11.198322725675316,0.0,11.198322725675316,False
11.278581366586774,0.0,11.278581366586774,False
11.359415223054759,0.0,11.359415223054759,False
11.440828417662624,0.0,11.440828417662624,False
11.522825102540352,0.0,11.522825102540352,False
11.605409459576366,0.0,11.605409459576366,False
11.688585700630755,0.0,11.688585700630755,False
11.772358067750124,0.0,11.772358067750124,False
11.856730833383917,0.0,11.856730833383917,False
11.94170830060233,0.0,11.94170830060233,False
12.027294803315755,0.0,12.027294803315755,False
12.113494706495835,0.0,12.113494706495835,False
12.200312406398046,0.0,12.200312406398046,False
12.28775233078595,0.0,12.28775233078595,False
12.37581893915698,0.0,12.37581893915698,False
12.464516722969902,0.0,12.464516722969902,False
12.553850205873859,0.0,12.553850205873859,False
12.643823943939111,0.0,12.643823943939111,False
12.734442525889362,0.0,12.734442525889362,False
12.825710573335819,0.0,12.825710573335819,False
12.917632741012872,0.0,12.917632741012872,False
13.010213717015512,0.0,13.010213717015512,False
13.10345822303842,0.0,13.10345822303842,False
13.197371014616756,0.0,13.197371014616756,False
13.291956881368732,0.0,13.291956881368732,False
13.387220647239841,0.0,13.387220647239841,False
13.48316717074894,0.0,13.48316717074894,False
13.579801345235964,0.0,13.579801345235964,False
13.677128099111567,0.0,13.677128099111567,False
13.775152396108405,0.0,13.775152396108405,False
13.873879235534355,0.0,13.873879235534355,False
13.973313652527418,0.0,13.973313652527418,False
14.073460718312573,0.0,14.073460718312573,False
14.174325540460368,0.0,14.174325540460368,False
14.27591326314744,0.0,14.27591326314744,False
14.378229067418852,0.0,14.378229067418852,False
14.481278171452354,0.0,14.481278171452354,False
14.585065830824467,0.0,14.585065830824467,False
14.689597338778592,0.0,14.689597338778592,False
14.79487802649489,0.0,14.79487802649489,False
14.90091326336225,0.0,14.90091326336225,False
15.00770845725206,0.0,15.00770845725206,False
15.115269054794087,0.0,15.115269054794087,False
15.223600541654188,0.0,15.223600541654188,False
15.332708442814141,0.0,15.332708442814141,False
15.442598322853375,0.0,15.442598322853375,False
15.553275786232815,0.0,15.553275786232815,False
15.664746477580655,0.0,15.664746477580655,False
15.777016081980308,0.0,15.777016081980308,False
15.890090325260278,0.0,15.890090325260278,False
16.003974974286248,0.0,16.003974974286248,False
16.118675837255143,0.0,16.118675837255143,False
16.234198763991365,0.0,16.234198763991365,False
16.350549646245174,0.0,16.350549646245174,False
16.467734417993096,0.0,16.467734417993096,False
16.585759055740656,0.0,16.585759055740656,False
16.704629578827088,0.0,16.704629578827088,False
16.824352049732415,0.0,16.824352049732415,False
16.944932574386545,0.0,16.944932574386545,False
17.06637730248078,0.0,17.06637730248078,False
17.188692427781362,0.0,17.188692427781362,False
17.311884188445436,0.0,17.311884188445436,False
17.435958867339128,0.0,17.435958867339128,False
17.56092279235805,0.0,17.56092279235805,False
17.68678233674995,0.0,17.68678233674995,False
17.81354391943983,0.0,17.81354391943983,False
17.941214005357246,0.0,17.941214005357246,False
18.069799105766087,0.0,18.069799105766087,False
18.19930577859658,0.0,18.19930577859658,False
18.329740628779838,0.0,18.329740628779838,False
18.461110308584633,0.0,18.461110308584633,False
18.59342151795673,0.0,18.59342151795673,False
18.72668100486053,0.0,18.72668100486053,False
18.86089556562329,0.0,18.86089556562329,False
18.996072045281668,0.0,18.996072045281668,False
19.1322173379309,0.0,19.1322173379309,False
19.269338387076306,0.0,19.269338387076306,False
19.407442185987534,0.0,19.407442185987534,False
19.54653577805511,0.0,19.54653577805511,False
19.68662625714973,0.0,19.68662625714973,False
19.827720767984037,0.0,19.827720767984037,False
19.969826506476952,0.0,19.969826506476952,False
20.112950720120764,0.0,20.112950720120764,False
20.257100708350677,0.0,20.257100708350677,False
20.40228382291714,0.0,20.40228382291714,False
20.548507468260745,0.0,20.548507468260745,False
20.695779101889904,0.0,20.695779101889904,False
20.84410623476115,0.0,20.84410623476115,False
20.993496431662233,0.0,20.993496431662233,False
21.143957311597894,0.0,21.143957311597894,False
21.295496548178484,0.0,21.295496548178484,False
21.448121870011267,0.0,21.448121870011267,False
21.601841061094653,0.0,21.601841061094653,False
21.756661961215112,0.0,21.756661961215112,False
21.91259246634708,0.0,21.91259246634708,False
22.069640529055597,0.0,22.069640529055597,False
22.227814158901953,0.0,22.227814158901953,False
22.387121422852115,0.0,22.387121422852115,False
22.547570445688226,0.0,22.547570445688226,False
22.70916941042289,0.0,22.70916941042289,False
22.871926558716595,0.0,22.871926558716595,False
23.035850191297953,0.0,23.035850191297953,False
23.20094866838714,0.0,23.20094866838714,False
23.36723041012219,0.0,23.36723041012219,False
23.534703896988493,0.0,23.534703896988493,False
23.703377670251243,0.0,23.703377670251243,False
23.873260332391105,0.0,23.873260332391105,False
24.044360547542933,0.0,24.044360547542933,False
24.216687041937597,0.0,24.216687041937597,False
24.390248604347114,0.0,24.390248604347114,False
24.56505408653279,0.0,24.56505408653279,False
24.74111240369676,0.0,24.74111240369676,False
24.918432534936578,0.0,24.918432534936578,False
25.09702352370323,0.0,25.09702352370323,False
25.276894478262292,0.0,25.276894478262292,False
25.45805457215854,0.0,25.45805457215854,False
25.64051304468371,0.0,25.64051304468371,False
25.82427920134781,0.0,25.82427920134781,False
26.009362414353593,0.0,26.009362414353593,False
26.195772123074676,0.0,26.195772123074676,False
26.383517834536818,0.0,26.383517834536818,False
26.57260912390292,0.0,26.57260912390292,False
26.763055634961244,0.0,26.763055634961244,False
26.954867080617348,0.0,26.954867080617348,False
27.148053243389377,0.0,27.148053243389377,False
27.342623975907046,0.0,27.342623975907046,False
27.538589201414062,0.0,27.538589201414062,False
27.73595891427429,0.0,27.73595891427429,False
27.93474318048139,0.0,27.93474318048139,False
28.13495213817229,0.0,28.13495213817229,False
28.336595998144112,0.0,28.336595998144112,False
28.539685044375073,0.0,28.539685044375073,False
28.744229634548827,0.0,28.744229634548827,False
28.950240200582865,0.0,28.950240200582865,False
29.157727249160406,0.0,29.157727249160406,False
29.366701362266355,0.0,29.366701362266355,False
29.57717319772695,0.0,29.57717319772695,False
29.789153489753286,0.0,29.789153489753286,False
30.002653049488842,0.0,30.002653049488842,False
30.217682765560767,0.0,30.217682765560767,False
30.434253604635305,0.0,30.434253604635305,False
30.652376611977008,0.0,30.652376611977008,False
30.872062912012147,0.0,30.872062912012147,False
31.093323708895955,0.0,31.093323708895955,False
31.316170287084155,0.0,31.316170287084155,False
31.540614011908396,0.0,31.540614011908396,False
31.76666633015596,0.0,31.76666633015596,False
31.99433877065348,0.0,31.99433877065348,False
32.223642944855,0.0,32.223642944855,False
32.45459054743409,0.0,32.45459054743409,False
32.687193356880336,0.0,32.687193356880336,False
32.921463236100024,0.0,32.921463236100024,False
33.15741213302119,0.0,33.15741213302119,False
33.395052081202905,0.0,33.395052081202905,False
33.6343952004491,0.0,33.6343952004491,False
33.87545369742655,0.0,33.87545369742655,False
34.11823986628758,0.0,34.11823986628758,False
34.36276608929691,0.0,34.36276608929691,False
34.6090448374633,0.0,34.6090448374633,False
34.85708867117547,0.0,34.85708867117547,False
35.10691024084281,0.0,35.10691024084281,False
35.3585222875404,0.0,35.3585222875404,False
35.61193764365898,0.0,35.61193764365898,False
35.86716923355928,0.0,35.86716923355928,False
36.124230074231264,0.0,36.124230074231264,False
36.38313327595795,0.0,36.38313327595795,False
36.64389204298405,0.0,36.64389204298405,False
36.90651967418943,0.0,36.90651967418943,False
37.171029563767306,0.0,37.171029563767306,False
37.437435201907434,0.0,37.437435201907434,False
37.705750175484006,0.0,37.705750175484006,False
37.975988168748756,0.0,37.975988168748756,False
38.248162964028666,0.0,38.248162964028666,False
38.52228844242906,0.0,38.52228844242906,False
38.7983785845414,0.0,38.7983785845414,False
39.07644747115645,0.0,39.07644747115645,False
39.35650928398224,0.0,39.35650928398224,False
39.63857830636752,0.0,39.63857830636752,False
39.922668924030056,0.0,39.922668924030056,False
40.20879562579045,0.0,40.20879562579045,False
40.49697300431097,0.0,40.49697300431097,False
40.7872157568399,0.0,40.7872157568399,False
41.079538685960955,0.0,41.079538685960955,False
41.37395670034841,0.0,41.37395670034841,False
41.67048481552726,0.0,41.67048481552726,False
41.969138154639204,0.0,41.969138154639204,False
42.26993194921379,0.0,42.26993194921379,False
42.57288153994535,0.0,42.57288153994535,False
42.87800237747524,0.0,42.87800237747524,False
43.18531002318004,0.0,43.18531002318004,False
43.494820149964966,0.0,43.494820149964966,False
43.806548543063414,0.0,43.806548543063414,False
44.120511100841796,0.0,44.120511100841796,False
44.43672383561062,0.0,44.43672383561062,False
44.75520287444092,0.0,44.75520287444092,False
45.075964459986814,0.0,45.075964459986814,False
45.39902495131395,0.0,45.39902495131395,False
45.72440082473372,0.0,45.72440082473372,False
46.05210867464372,0.0,46.05210867464372,False
46.382165214373835,0.0,46.382165214373835,False
46.71458727703894,0.0,46.71458727703894,False
47.0493918163971,0.0,47.0493918163971,False
47.38659590771445,0.0,47.38659590771445,False
47.726216748635885,0.0,47.726216748635885,False
48.0682716600623,0.0,48.0682716600623,False
48.41277808703381,0.0,48.41277808703381,False
48.759753599619614,0.0,48.759753599619614,False
49.10921589381394,0.0,49.10921589381394,False
49.46118279243868,0.0,49.46118279243868,False
49.81567224605222,0.0,49.81567224605222,False
50.17270233386514,0.0,50.17270233386514,False
50.53229126466202,0.0,50.53229126466202,False
50.894457377730326,0.0,50.894457377730326,False
51.25921914379553,0.0,51.25921914379553,False
51.626595165963316,0.0,51.626595165963316,False
51.99660418066818,0.0,51.99660418066818,False
52.36926505862915,0.0,52.36926505862915,False
52.74459680581205,0.0,52.74459680581205,False
53.12261856439904,0.0,53.12261856439904,False
53.50334961376458,0.0,53.50334961376458,False
53.88680937145897,0.0,53.88680937145897,False
54.27301739419855,0.0,54.27301739419855,False
54.661993378863016,0.0,54.661993378863016,False
55.053757163500144,0.0,55.053757163500144,False
55.4483287283374,0.0,55.4483287283374,False
55.84572819680107,0.0,55.84572819680107,False
56.24597583654242,0.0,56.24597583654242,False
56.649092060471546,0.0,56.649092060471546,False
57.05509742779823,0.0,57.05509742779823,False
57.464012645080714,0.0,57.464012645080714,False
57.87585856728153,0.0,57.87585856728153,False
58.29065619883126,0.0,58.29065619883126,False
58.708426694699696,0.0,58.708426694699696,False
59.12919136147485,0.0,59.12919136147485,False
59.55297165844946,0.0,59.55297165844946,False
59.9797891987156,0.0,59.9797891987156,False
60.409665750266804,0.0,60.409665750266804,False
60.84262323710841,0.0,60.84262323710841,False
61.27868374037552,0.0,61.27868374037552,False
61.71786949945932,0.0,61.71786949945932,False
62.16020291314116,0.0,62.16020291314116,False
62.60570654073506,0.0,62.60570654073506,False
63.054403103238094,0.0,63.054403103238094,False
63.50631548448931,0.0,63.50631548448931,False
63.961466732336696,0.0,63.961466732336696,False
64.41988005981278,0.0,64.41988005981278,False
64.88157884631838,0.0,64.88157884631838,False
65.34658663881505,0.0,65.34658663881505,False
65.81492715302595,0.0,65.81492715302595,False
66.28662427464539,0.0,66.28662427464539,False
66.76170206055704,0.0,66.76170206055704,False
67.24018474006071,0.0,67.24018474006071,False
67.72209671610833,0.0,67.72209671610833,False
68.20746256654816,0.0,68.20746256654816,False
68.69630704537866,0.0,68.69630704537866,False
69.1886550840106,0.0,69.1886550840106,False
69.68453179253892,0.0,69.68453179253892,False
70.18396246102306,0.0,70.18396246102306,False
70.686972560777,0.0,70.686972560777,False
71.1935877456681,0.0,71.1935877456681,False
71.70383385342575,0.0,71.70383385342575,False
72.21773690695876,0.0,72.21773690695876,False
72.73532311568296,0.0,72.73532311568296,False
73.25661887685742,0.0,73.25661887685742,False
73.78165077693119,0.0,73.78165077693119,False
74.31044559289889,0.0,74.31044559289889,False
74.84303029366657,0.0,74.84303029366657,False
75.37943204142695,0.0,75.37943204142695,False
75.91967819304496,0.0,75.91967819304496,False
76.46379630145267,0.0,76.46379630145267,False
77.01181411705478,0.0,77.01181411705478,False
77.56375958914369,0.0,77.56375958914369,False
78.11966086732511,0.0,78.11966086732511,False
78.67954630295354,0.0,78.67954630295354,False
79.24344445057841,0.0,79.24344445057841,False
79.81138406940013,0.0,79.81138406940013,False
80.38339412473714,0.0,80.38339412473714,False
80.95950378950279,0.0,80.95950378950279,False
81.53974244569355,0.0,81.53974244569355,False
82.12413968588729,0.0,82.12413968588729,False
82.7127253147525,0.0,82.7127253147525,False
83.30552935056858,0.0,83.30552935056858,False
83.90258202675643,0.0,83.90258202675643,False
84.50391379342074,0.0,84.50391379342074,False
85.10955531890276,0.0,85.10955531890276,False
85.71953749134447,0.0,85.71953749134447,False
86.33389142026384,0.0,86.33389142026384,False
86.9526484381415,0.0,86.9526484381415,False
87.57584010201872,0.0,87.57584010201872,False
88.20349819510679,0.0,88.20349819510679,False
88.83565472840802,0.0,88.83565472840802,False
89.4723419423483,0.0,89.4723419423483,False
90.11359230842147,0.0,90.11359230842147,False
90.75943853084527,0.0,90.75943853084527,False
91.40991354822931,0.0,91.40991354822931,False
92.06505053525503,0.0,92.06505053525503,False
92.72488290436753,0.0,92.72488290436753,False
93.3894443074797,0.0,93.3894443074797,False
94.0587686376885,0.0,94.0587686376885,False
94.7328900310035,0.0,94.7328900310035,False
95.41184286808779,0.0,95.41184286808779,False
96.09566177601154,0.0,96.09566177601154,False
96.78438163001788,0.0,96.78438163001788,False
97.47803755530164,0.0,97.47803755530164,False
98.17666492880076,0.0,98.17666492880076,False
98.88029938100048,0.0,98.88029938100048,False
99.58897679775058,0.0,99.58897679775058,False
100.30273332209556,0.0,100.30273332209556,False
101.02160535611793,0.0,101.02160535611793,False
101.7456295627948,0.0,101.7456295627948,False
102.47484286786766,0.0,102.47484286786766,False
103.2092824617257,0.0,103.2092824617257,False
103.94898580130246,0.0,103.94898580130246,False
104.69399061198617,0.0,104.69399061198617,False
105.44433488954381,0.0,105.44433488954381,False
106.20005690205892,0.0,106.20005690205892,False
106.96119519188328,0.0,106.96119519188328,False
107.72778857760257,0.0,107.72778857760257,False
108.49987615601623,0.0,108.49987615601623,False
109.2774973041313,0.0,109.2774973041313,False
110.06069168117077,0.0,110.06069168117077,False
110.8494992305963,0.0,110.8494992305963,False
111.6439601821451,0.0,111.6439601821451,False
112.44411505388193,0.0,112.44411505388193,False
113.2500046542655,0.0,113.2500046542655,False
114.06167008422955,0.0,114.06167008422955,False
114.87915273927935,0.0,114.87915273927935,False
115.70249431160255,0.0,115.70249431160255,False
116.53173679219579,0.0,116.53173679219579,False
117.3669224730061,0.0,117.3669224730061,False
118.20809394908794,0.0,118.20809394908794,False
119.05529412077537,0.0,119.05529412077537,False
119.9085661958703,0.0,119.9085661958703,False
120.7679536918459,0.0,120.7679536918459,False
121.63350043806608,0.0,121.63350043806608,False
122.50525057802075,0.0,122.50525057802075,False
123.38324857157735,0.0,123.38324857157735,False
124.26753919724814,0.0,124.26753919724814,False
125.15816755447409,0.0,125.15816755447409,False
126.0551790659248,0.0,126.0551790659248,False
126.95861947981531,0.0,126.95861947981531,False
127.86853487223908,0.0,127.86853487223908,False
128.78497164951813,0.0,128.78497164951813,False
129.70797655056947,0.0,129.70797655056947,False
130.6375966492892,0.0,130.6375966492892,False
131.57387935695306,0.0,131.57387935695306,False
132.5168724246344,0.0,132.5168724246344,False
133.46662394563987,0.0,133.46662394563987,False
134.4231823579616,0.0,134.4231823579616,False
135.3865964467483,0.0,135.3865964467483,False
136.35691534679276,0.0,136.35691534679276,False
137.33418854503802,0.0,137.33418854503802,False
138.31846588310114,0.0,138.31846588310114,False
139.30979755981528,0.0,139.30979755981528,False
140.30823413378977,0.0,140.30823413378977,False
141.31382652598865,0.0,141.31382652598865,False
142.3266260223277,0.0,142.3266260223277,False
143.34668427629006,0.0,143.34668427629006,False
144.3740533115606,0.0,144.3740533115606,False
145.40878552467902,0.0,145.40878552467902,False
146.45093368771236,0.0,146.45093368771236,False
147.5005509509463,0.0,147.5005509509463,False
148.55769084559574,0.0,148.55769084559574,False
149.62240728653512,0.0,149.62240728653512,False
150.69475457504802,0.0,150.69475457504802,False
151.7747874015965,0.0,151.7747874015965,False
152.86256084861057,0.0,152.86256084861057,False
153.95813039329718,0.0,153.95813039329718,False
155.06155191046972,0.0,155.06155191046972,False
156.1728816753977,0.0,156.1728816753977,False
157.29217636667676,0.0,157.29217636667676,False
158.41949306911937,0.0,158.41949306911937,False
159.55488927666613,0.0,159.55488927666613,False
160.69842289531806,0.0,160.69842289531806,False
161.85015224608986,0.0,161.85015224608986,False
163.01013606798426,0.0,163.01013606798426,False
164.1784335209878,0.0,164.1784335209878,False
165.3551041890879,0.0,165.3551041890879,False
166.5402080833121,0.0,166.5402080833121,False
167.73380564478796,0.0,167.73380564478796,False
168.93595774782634,0.0,168.93595774782634,False
170.14672570302545,0.0,170.14672570302545,False
171.36617126039806,0.0,171.36617126039806,False
172.5943566125208,0.0,172.5943566125208,False
173.83134439770586,0.0,173.83134439770586,False
175.0771977031956,0.0,175.0771977031956,False
176.33198006838018,0.0,176.33198006838018,False
177.59575548803798,0.0,177.59575548803798,False
178.86858841559953,0.0,178.86858841559953,False
180.1505437664345,0.0,180.1505437664345,False
181.44168692116259,0.0,181.44168692116259,False
182.74208372898778,0.0,182.74208372898778,False
184.05180051105697,0.0,184.05180051105697,False
185.37090406384212,0.0,185.37090406384212,False
186.69946166254718,0.0,186.69946166254718,False
188.03754106453894,0.0,188.03754106453894,False
189.3852105128028,0.0,189.3852105128028,False
190.7425387394232,0.0,190.7425387394232,False
192.10959496908916,0.0,192.10959496908916,False
193.4864489226245,0.0,193.4864489226245,False
194.87317082054383,0.0,194.87317082054383,False
196.26983138663385,0.0,196.26983138663385,False
197.67650185156015,0.0,197.67650185156015,False
199.0932539565003,0.0,199.0932539565003,False
200.5201599568024,0.0,200.5201599568024,False
201.9572926256704,0.0,201.9572926256704,False
203.40472525787547,0.0,203.40472525787547,False
204.8625316734941,0.0,204.8625316734941,False
206.3307862216729,0.0,206.3307862216729,False
207.80956378442053,0.0,207.80956378442053,False
209.29893978042688,0.0,209.29893978042688,False
210.79899016890914,0.0,210.79899016890914,False
212.30979145348607,0.0,212.30979145348607,False
213.83142068607958,0.0,213.83142068607958,False
215.36395547084462,0.0,215.36395547084462,False
216.9074739681266,0.0,216.9074739681266,False
218.46205489844823,0.0,218.46205489844823,False
220.02777754652388,0.0,220.02777754652388,False
221.60472176530328,0.0,221.60472176530328,False
223.19296798004427,0.0,223.19296798004427,False
224.79259719241404,0.0,224.79259719241404,False
226.4036909846209,0.0,226.4036909846209,False
228.0263315235745,0.0,228.0263315235745,False
229.6606015650769,0.0,229.6606015650769,False
231.30658445804252,0.0,231.30658445804252,False
232.9643641487497,0.0,232.9643641487497,False
234.63402518512146,0.0,234.63402518512146,False
236.31565272103796,0.0,236.31565272103796,False
238.00933252067895,0.0,238.00933252067895,False
239.71515096289812,0.0,239.71515096289812,False
241.4331950456285,0.0,241.4331950456285,False
243.16355239031913,0.0,243.16355239031913,False
244.90631124640402,0.0,244.90631124640402,False
246.6615604958031,0.0,246.6615604958031,False
248.4293896574547,0.0,248.4293896574547,False
250.2098888918818,0.0,250.2098888918818,False
252.00314900578982,0.0,252.00314900578982,False
253.8092614566977,0.0,253.8092614566977,False
255.62831835760278,0.0,255.62831835760278,False
257.46041248167836,0.0,257.46041248167836,False
259.30563726700495,0.0,259.30563726700495,False
261.1640868213362,0.0,261.1640868213362,False
263.03585592689814,0.0,263.03585592689814,False
264.92104004522315,0.0,264.92104004522315,False
266.8197353220186,0.0,266.8197353220186,False
268.73203859207024,0.0,268.73203859207024,False
270.65804738418115,0.0,270.65804738418115,False
272.59785992614553,0.0,272.59785992614553,False
274.5515751497584,0.0,274.5515751497584,False
276.5192926958611,0.0,276.5192926958611,False
278.5011129194234,0.0,278.5011129194234,False
280.49713689466137,0.0,280.49713689466137,False
282.50746642019215,0.0,282.50746642019215,False
284.5322040242262,0.0,284.5322040242262,False
286.5714529697956,0.0,286.5714529697956,False
288.6253172600213,0.0,288.6253172600213,False
290.69390164341695,0.0,290.69390164341695,False
292.777311619231,0.0,292.777311619231,False
294.87565344282774,0.0,294.87565344282774,False
296.9890341311057,0.0,296.9890341311057,False
299.11756146795636,0.0,299.11756146795636,False
301.26134400976053,0.0,301.26134400976053,False
303.4204910909253,0.0,303.4204910909253,False
305.5951128294598,0.0,305.5951128294598,False
307.78532013259155,0.0,307.78532013259155,False
309.9912247024227,0.0,309.9912247024227,False
312.2129390416268,0.0,312.2129390416268,False
314.4505764591868,0.0,314.4505764591868,False
316.7042510761736,0.0,316.7042510761736,False
318.9740778315665,0.0,318.9740778315665,False
321.26017248811513,0.0,321.26017248811513,False
323.56265163824327,0.0,323.56265163824327,False
325.8816327099954,0.0,325.8816327099954,False
328.2172339730254,0.0,328.2172339730254,False
330.5695745446284,0.0,330.5695745446284,False
332.93877439581604,0.0,332.93877439581604,False
335.3249543574349,0.0,335.3249543574349,False
337.7282361263289,0.0,337.7282361263289,False
340.14874227154627,0.0,340.14874227154627,False
342.58659624059004,0.0,342.58659624059004,False
345.04192236571464,0.0,345.04192236571464,False
347.51484587026647,0.0,347.51484587026647,False
350.00549287507044,0.0,350.00549287507044,False
352.51399040486234,0.0,352.51399040486234,False
355.04046639476735,0.0,355.04046639476735,False
357.58504969682434,0.0,357.58504969682434,False
360.14787008655776,0.0,360.14787008655776,False
362.72905826959624,0.0,362.72905826959624,False
365.32874588833846,0.0,365.32874588833846,False
367.94706552866757,0.0,367.94706552866757,False
370.5841507267123,0.0,370.5841507267123,False
373.2401359756582,0.0,373.2401359756582,False
375.9151567326063,0.0,375.9151567326063,False
378.609349425482,0.0,378.609349425482,False
381.32285145999253,0.0,381.32285145999253,False
384.05580122663514,0.0,384.05580122663514,False
386.8083381077547,0.0,386.8083381077547,False
389.58060248465273,0.0,389.58060248465273,False
392.37273574474665,0.0,392.37273574474665,False
395.18488028878073,0.0,395.18488028878073,False
398.01717953808856,0.0,398.01717953808856,False
400.8697779419076,0.0,400.8697779419076,False
403.7428209847468,0.0,403.7428209847468,False
406.63645519380503,0.0,406.63645519380503,False
409.55082814644584,0.0,409.55082814644584,False
412.48608847772226,0.0,412.48608847772226,False
415.4423858879587,0.0,415.4423858879587,False
418.4198711503851,0.0,418.4198711503851,False
421.4186961188263,0.0,421.4186961188263,False
424.4390137354473,0.0,424.4390137354473,False
427.4809780385527,0.0,427.4809780385527,False
430.54474417044344,0.0,430.54474417044344,False
433.63046838532864,0.0,433.63046838532864,False
436.73830805729506,0.0,436.73830805729506,False
439.86842168833306,0.0,439.86842168833306,False
443.0209689164201,0.0,443.0209689164201,False
446.19611052366315,0.0,446.19611052366315,False
449.3940084444976,0.0,449.3940084444976,False
452.6148257739472,0.0,452.6148257739472,False
455.8587267759409,0.0,455.8587267759409,False
459.1258768916913,0.0,459.1258768916913,False
462.4164427481317,0.0,462.4164427481317,False
465.73059216641457,0.0,465.73059216641457,False
469.0684941704702,0.0,469.0684941704702,False
472.4303189956276,0.0,472.4303189956276,False
475.81623809729564,0.0,475.81623809729564,False
479.22642415970853,0.0,479.22642415970853,False
482.66105110473177,0.0,482.66105110473177,False
486.1202941007335,0.0,486.1202941007335,False
489.60432957151664,0.0,489.60432957151664,False
493.1133352053183,0.0,493.1133352053183,False
496.64748996387067,0.0,496.64748996387067,False
500.20697409152916,0.0,500.20697409152916,False
503.79196912446395,0.0,503.79196912446395,False
507.40265789991946,0.0,507.40265789991946,False
511.03922456553886,0.0,511.03922456553886,False
514.7018545887552,0.0,514.7018545887552,False
518.3907347662513,0.0,518.3907347662513,False
522.1060532334856,0.0,522.1060532334856,False
525.8479994742879,0.0,525.8479994742879,False
529.6167643305228,0.0,529.6167643305228,False
533.4125400118227,0.0,533.4125400118227,False
537.2355201053908,0.0,537.2355201053908,False
541.0858995858745,0.0,541.0858995858745,False
544.9638748253085,0.0,544.9638748253085,False
548.8696436031303,0.0,548.8696436031303,False
552.8034051162671,0.0,552.8034051162671,False
556.7653599892953,0.0,556.7653599892953,False
560.7557102846717,0.0,560.7557102846717,False
564.7746595130395,0.0,564.7746595130395,False
568.8224126436072,0.0,568.8224126436072,False
572.8991761146023,0.0,572.8991761146023,False
577.0051578437993,0.0,577.0051578437993,False
581.1405672391248,0.0,581.1405672391248,False
585.3056152093362,0.0,585.3056152093362,False
589.5005141747788,0.0,589.5005141747788,False
593.725478078219,0.0,593.725478078219,False
597.9807223957564,0.0,597.9807223957564,False
602.2664641478123,0.0,602.2664641478123,False
606.5829219101981,0.0,606.5829219101981,False
610.930315825263,0.0,610.930315825263,False
615.308867613122,115.69113238687109,730.9999999999931,True
619.7188005829618,107.28119941703302,726.9999999999948,True
624.1603396444322,102.83966035565253,727.0000000000847,True
628.6337113191149,109.36628868078944,737.9999999999044,True
633.1391437520771,91.86085624792409,725.0000000000011,True
637.6768667235068,71.32313327652207,709.0000000000289,True
642.2471116604316,60.75288833958676,703.0000000000184,True
646.8501116485218,65.14988835144845,711.9999999999702,True
651.486101443978,59.51389855617799,711.000000000156,True
656.1553174855038,81.84468251440717,737.999999999911,True
660.8579979063637,73.14200209361502,733.9999999999787,True
665.5943825465297,63.40561745350897,729.0000000000387,True
670.3647129649111,47.63528703513052,718.0000000000416,True
675.1692324516758,46.83076754829093,721.9999999999668,True
680.008186040658,44.99181395933459,724.9999999999925,True
684.8818205218545,35.11817947813428,719.9999999999887,True
689.7903844540114,22.209615546007505,712.0000000000189,True
694.7341281773013,15.265871822708338,710.0000000000097,True
699.7133038260899,12.286696173870046,711.99999999996,True
704.7281653417961,7.271834658209354,712.0000000000055,True
709.7789684858419,4.221031514166292,714.0000000000082,True
714.8659708526977,-0.8659708526743728,714.0000000000233,True
719.9894318830188,-5.989431883001357,714.0000000000175,True
725.1496128768777,-0.1496128768971996,724.9999999999804,True
730.3467770070899,-12.346777007062922,718.0000000000271,True
735.5811893326371,-13.581189332670363,721.9999999999668,True
740.8531168121837,-15.85311681219112,724.9999999999925,True
746.1628283176932,-26.162828317675284,720.000000000018,True
751.5105946481408,-31.510594648132876,720.000000000008,True
756.8966885433232,-33.896688543313594,723.0000000000095,True
762.3213846977698,-32.32138469782072,729.9999999999491,True
767.7849597747514,-35.78495977477883,731.9999999999726,True
773.2876924203911,-46.28769242035006,727.000000000041,True
778.8298632778744,-49.82986327786932,729.0000000000051,True
784.411755001763,-58.411755001738285,726.0000000000248,True
790.0336522724101,-54.03365227237864,736.0000000000315,True
795.6958418104791,-53.695841810510416,741.9999999999687,True
801.398612391567,-58.39861239155286,743.0000000000141,True
807.1422548609318,-51.142254860950175,755.9999999999816,True
812.9270621483253,-54.927062148307364,758.0000000000178,True
818.7533292829345,-53.753329282919296,765.0000000000152,True
824.6213534084258,-47.6213534084672,776.9999999999586,True
830.5314337981017,-51.53143379813447,778.9999999999673,True
836.4838718701628,-55.483871870102774,781.00000000006,True
842.4789712030805,-42.47897120302129,800.0000000000592,True
848.5170375510797,-17.517037551191272,830.9999999998885,True
854.5983788597327,-29.598378859667925,825.0000000000648,True
860.7233052816645,-17.723305281673102,842.9999999999914,True
866.8921291923708,-20.892129192416725,845.9999999999541,True
873.1051652061495,-33.10516520610627,840.0000000000433,True
879.3627301921455,-25.362730192204005,853.9999999999415,True
885.6651432905123,-39.66514329048351,846.0000000000289,True
892.0127259286879,-46.01272592865087,846.0000000000371,True
898.4058018377877,-41.40580183771986,857.0000000000679,True
904.8446970691149,-16.844697069205978,887.9999999999089,True
911.3297400107898,-8.329740010762574,903.0000000000273,True
917.8612614044976,8.138738595485101,925.9999999999826,True
924.439594362356,15.560405637707367,940.0000000000634,True
931.0650743839052,33.93492561607577,964.999999999981,True
937.7380393732171,53.261960626766935,990.9999999999841,True
944.45882965613,55.54117034388605,1000.000000000016,True
951.227787997605,65.77221200231433,1016.9999999999193,True
958.0452596192072,61.954740380832696,1020.0000000000399,True
964.9115922167113,63.08840778328109,1027.9999999999923,True
971.8271359778365,62.172864022149476,1033.999999999986,True
978.792243600104,58.207756399887316,1036.9999999999914,True
985.8072703088268,53.192729691209685,1039.0000000000364,True
992.8725738752244,67.12742612473726,1059.9999999999616,True
999.9885146346708,71.01148536533012,1071.000000000001,True
1007.1554555050716,70.8445444949663,1078.000000000038,True
1014.3737620053734,74.62623799458575,1088.999999999959,True
1021.643802274204,73.3561977258129,1095.0000000000168,True
1028.9659470886493,64.03405291135218,1093.0000000000014,True
1036.340569883163,58.65943011687662,1095.0000000000396,True
1043.7680467686105,72.23195323134556,1115.9999999999561,True
1051.2487565514532,67.75124344853548,1118.9999999999886,True
1058.783080753066,60.21691924690897,1118.999999999975,True
1066.3714036291958,46.62859637077363,1112.9999999999695,True
1074.0141121895585,25.98588781045605,1100.0000000000146,True
1081.7115962175776,18.28840378242043,1099.999999999998,True
1089.4642482902625,10.535751709745634,1100.0000000000082,True
1097.2724637982303,0.7275362017856715,1098.000000000016,True
1105.1366409658715,-11.13664096593794,1093.9999999999336,True
1113.0571808716593,-35.05718087154404,1078.0000000001153,True
1121.0344874686054,-40.03448746860037,1081.000000000005,True
1129.0689676048603,-40.068967604893615,1088.9999999999666,True
1137.1610310444653,-41.161031044458255,1096.000000000007,True
1145.3110904882485,-46.31109048820515,1099.0000000000434,True
1153.5195615948737,-39.51956159490962,1113.999999999964,True
1161.7868630020403,-41.78686300207083,1119.9999999999695,True
1170.1134163478316,-51.11341634778423,1119.0000000000473,True
1178.4996462922218,-38.49964629219823,1140.0000000000236,True
1186.9459805387305,-18.945980538766126,1167.9999999999643,True
1195.4528498562388,-13.452849856306656,1181.9999999999322,True
1204.0206881009574,-33.02068810095824,1170.999999999999,True
1212.6499322385532,-46.64993223847809,1166.000000000075,True
1221.341022366436,-52.34102236638713,1169.0000000000489,True
1230.0944017362028,-41.09440173627991,1188.999999999923,True
1238.9105167762445,-42.910516776222956,1196.0000000000216,True
1247.7898171145139,-44.78981711451064,1203.0000000000032,True
1256.7327556014563,-45.73275560149226,1210.999999999964,True
1265.7397883331068,-55.739788333086395,1210.0000000000205,True
1274.8113746743497,-58.81137467438257,1215.9999999999673,True
1283.9479772823474,-61.947977282305686,1222.0000000000418,True
1293.1500621301361,-53.150062130091555,1240.0000000000446,True
1302.418098530391,-36.418098530389656,1266.0000000000014,True
1311.7525591593608,-25.752559159383512,1285.9999999999773,True
1321.1539200809746,-15.153920080932256,1306.0000000000423,True
1330.6226607711228,-5.62266077119431,1324.9999999999286,True
1340.1592641421087,-12.15926414216754,1327.999999999941,True
1349.764216567279,-26.764216567184466,1323.0000000000944,True
1359.4380079058278,-21.43800790578451,1338.0000000000432,True
1369.1811315277812,-4.181131527809832,1364.9999999999714,True
1378.994084339158,6.005915660789519,1384.9999999999475,True
1388.8773668073134,3.122633192726683,1392.00000000004,True
1398.8314829864626,20.168517013557295,1419.0000000000198,True
1408.8569405433877,43.14305945654016,1451.999999999928,True
1418.9542507833298,42.04574921670434,1461.000000000034,True
1429.1239286760654,43.87607132394104,1473.0000000000064,True
1439.3664928821697,53.63350711779603,1492.9999999999657,True
1449.6824657794698,41.31753422042587,1490.9999999998956,True
1460.0723734896849,3.9276265103364083,1464.0000000000214,True
1470.5367459052604,-19.53674590517327,1451.000000000087,True
1481.076116716392,-25.076116716439948,1455.9999999999523,True
1491.6910234382435,-43.691023438199295,1448.000000000044,True
1502.3820074383616,-49.382007438417745,1452.9999999999438,True
1513.1496139642852,-69.14961396420873,1444.0000000000764,True
1523.9943921713545,-58.99439217136388,1464.9999999999907,True
1534.9168951507168,-50.91689515078524,1483.9999999999316,True
1545.9176799575353,-65.91767995742458,1480.0000000001107,True
1556.997307639399,-56.99730763950923,1499.9999999998897,True
1568.1563432649375,-72.15634326500823,1495.9999999999293,True
1579.3953559526378,-119.39535595251253,1460.0000000001253,True
1590.7149188998726,-128.71491889980393,1462.0000000000687,True
1602.11560941213,-111.11560941213396,1490.999999999996,True
1613.5980089324605,-100.5980089325266,1512.9999999999338,True
1625.1627030711275,-108.16270307115252,1516.999999999975,True
1636.8102816354758,-121.81028163530235,1515.0000000001735,True
1648.5413386600128,-86.54133866010766,1561.9999999999052,True
1660.3564724367016,-68.35647243673276,1591.9999999999688,True
1672.2562855454769,-58.25628554549073,1613.9999999999861,True
1684.2413848849776,-56.24138488496901,1628.0000000000086,True
1696.3123817034952,-58.31238170349619,1637.999999999999,True
1708.469891630152,-54.46989163008789,1654.0000000000641,True
1720.7145347062965,-45.71453470634255,1674.9999999999538,True
1733.0469354171264,-46.04693541703226,1687.0000000000941,True
1745.4677227235377,-12.46772272362554,1732.9999999999122,True
1757.9775300942013,-8.977530094161665,1749.0000000000396,True
1770.5769955378723,5.423004462182775,1776.000000000055,True
1783.2667616359263,35.733238363981066,1818.9999999999075,True
1796.0474755751343,41.95252442497129,1838.0000000001055,True
1808.9197891806668,86.08021081930193,1894.9999999999688,True
1821.884358949339,122.11564105058882,1943.999999999928,True
1834.9418460830918,134.05815391687662,1968.9999999999684,True
1848.092916522716,130.90708347745803,1979.000000000174,True
1861.33824098181,181.66175901796979,2042.99999999978,True
1874.6784949809933,159.32150501905176,2034.000000000045,True
1888.1143588823538,152.88564111769654,2041.0000000000505,True
1901.6465179241497,168.35348207576604,2069.999999999916,True
1915.275662255754,154.7243377442838,2070.0000000000377,True
